id,title,description,availability,condition,price,link,image_link,additional_image_link,brand
"denver_nuggets_torcedor_2023","Denver Nuggets Torcedor 2023","🔥 CAMISA DE FUTEBOL IMPORTADA 🔥
Produto importado sob encomenda da mais alta qualidade!

⚽ MODELO: Denver Nuggets Torcedor 2023

💰 VALOR: R$ 210,00

✈️ FRETE INTERNACIONAL GRÁTIS PARA TODO BRASIL!!
- Se houver taxa alfandegária, será paga pelo cliente.

📏 TABELA DE MEDIDAS (Regatas NBA)
| TAM | COMPR. | BUSTO | OMBROS | ALTURA  | PESO    |
| --- | ------ | ----- | ------ | ------- | ------- |
| P   | 70     | 98    | 35     | 160-170 | 90-115  |
| M   | 72     | 106   | 37     | 168-175 | 115-135 |
| G   | 75     | 112   | 39     | 172-180 | 145-165 |
| GG  | 77     | 120   | 41     | 178-185 | 165-185 |
| 2XL | 80     | 130   | 44     | 183-200 | 180-210 |

TAMANHOS EXTRAS
XXL e XXXL: + R$ 15,00
XXXXL: + R$ 25,00

PERSONALIZE SUA CAMISA!
Deixe seu manto ainda mais especial!
Nome + Número personalizados por apenas R$ 25,00.

ENVIO
Postagem em até 3 dias úteis após a confirmação do pagamento.
Código de rastreamento enviado após a postagem.

DÚVIDAS OU PEDIDOS ESPECIAIS?
Para personalização ou tamanho diferenciado, chame na nossa loja no WhatsApp: 21 97073-4956
","in stock","new","210.00 BRL","https://wa.me/5521970734956?text=Ol%C3%A1!%20Gostaria%20de%20comprar%20a%20Denver%20Nuggets%20Torcedor%202023%20por%20R%24%20210%2C00.","https://i.ibb.co/9mzcdY0Y/frente.jpg","https://i.ibb.co/Df8hwr18/costas.jpg","Manto Mania"
"denver_nuggets_torcedor_2025","Denver Nuggets Torcedor 2025","🔥 CAMISA DE FUTEBOL IMPORTADA 🔥
Produto importado sob encomenda da mais alta qualidade!

⚽ MODELO: Denver Nuggets Torcedor 2025

💰 VALOR: R$ 210,00

✈️ FRETE INTERNACIONAL GRÁTIS PARA TODO BRASIL!!
- Se houver taxa alfandegária, será paga pelo cliente.

📏 TABELA DE MEDIDAS (Regatas NBA)
| TAM | COMPR. | BUSTO | OMBROS | ALTURA  | PESO    |
| --- | ------ | ----- | ------ | ------- | ------- |
| P   | 70     | 98    | 35     | 160-170 | 90-115  |
| M   | 72     | 106   | 37     | 168-175 | 115-135 |
| G   | 75     | 112   | 39     | 172-180 | 145-165 |
| GG  | 77     | 120   | 41     | 178-185 | 165-185 |
| 2XL | 80     | 130   | 44     | 183-200 | 180-210 |

TAMANHOS EXTRAS
XXL e XXXL: + R$ 15,00
XXXXL: + R$ 25,00

PERSONALIZE SUA CAMISA!
Deixe seu manto ainda mais especial!
Nome + Número personalizados por apenas R$ 25,00.

ENVIO
Postagem em até 3 dias úteis após a confirmação do pagamento.
Código de rastreamento enviado após a postagem.

DÚVIDAS OU PEDIDOS ESPECIAIS?
Para personalização ou tamanho diferenciado, chame na nossa loja no WhatsApp: 21 97073-4956
","in stock","new","210.00 BRL","https://wa.me/5521970734956?text=Ol%C3%A1!%20Gostaria%20de%20comprar%20a%20Denver%20Nuggets%20Torcedor%202025%20por%20R%24%20210%2C00.","https://i.ibb.co/9m24WPsZ/frente.jpg","","Manto Mania"
"denver_nuggets_torcedor_2026","Denver Nuggets Torcedor 2026","🔥 CAMISA DE FUTEBOL IMPORTADA 🔥
Produto importado sob encomenda da mais alta qualidade!

⚽ MODELO: Denver Nuggets Torcedor 2026

💰 VALOR: R$ 210,00

✈️ FRETE INTERNACIONAL GRÁTIS PARA TODO BRASIL!!
- Se houver taxa alfandegária, será paga pelo cliente.

📏 TABELA DE MEDIDAS (Regatas NBA)
| TAM | COMPR. | BUSTO | OMBROS | ALTURA  | PESO    |
| --- | ------ | ----- | ------ | ------- | ------- |
| P   | 70     | 98    | 35     | 160-170 | 90-115  |
| M   | 72     | 106   | 37     | 168-175 | 115-135 |
| G   | 75     | 112   | 39     | 172-180 | 145-165 |
| GG  | 77     | 120   | 41     | 178-185 | 165-185 |
| 2XL | 80     | 130   | 44     | 183-200 | 180-210 |

TAMANHOS EXTRAS
XXL e XXXL: + R$ 15,00
XXXXL: + R$ 25,00

PERSONALIZE SUA CAMISA!
Deixe seu manto ainda mais especial!
Nome + Número personalizados por apenas R$ 25,00.

ENVIO
Postagem em até 3 dias úteis após a confirmação do pagamento.
Código de rastreamento enviado após a postagem.

DÚVIDAS OU PEDIDOS ESPECIAIS?
Para personalização ou tamanho diferenciado, chame na nossa loja no WhatsApp: 21 97073-4956
","in stock","new","210.00 BRL","https://wa.me/5521970734956?text=Ol%C3%A1!%20Gostaria%20de%20comprar%20a%20Denver%20Nuggets%20Torcedor%202026%20por%20R%24%20210%2C00.","https://i.ibb.co/4n0yFvbX/frente.jpg","https://i.ibb.co/Zps4hYm7/costas.jpg","Manto Mania"
"knicks_torcedor_retro","Knicks Torcedor Retro","🔥 CAMISA DE FUTEBOL IMPORTADA 🔥
Produto importado sob encomenda da mais alta qualidade!

⚽ MODELO: Knicks Torcedor Retro

💰 VALOR: R$ 210,00

✈️ FRETE INTERNACIONAL GRÁTIS PARA TODO BRASIL!!
- Se houver taxa alfandegária, será paga pelo cliente.

📏 TABELA DE MEDIDAS (Regatas NBA)
| TAM | COMPR. | BUSTO | OMBROS | ALTURA  | PESO    |
| --- | ------ | ----- | ------ | ------- | ------- |
| P   | 70     | 98    | 35     | 160-170 | 90-115  |
| M   | 72     | 106   | 37     | 168-175 | 115-135 |
| G   | 75     | 112   | 39     | 172-180 | 145-165 |
| GG  | 77     | 120   | 41     | 178-185 | 165-185 |
| 2XL | 80     | 130   | 44     | 183-200 | 180-210 |

TAMANHOS EXTRAS
XXL e XXXL: + R$ 15,00
XXXXL: + R$ 25,00

PERSONALIZE SUA CAMISA!
Deixe seu manto ainda mais especial!
Nome + Número personalizados por apenas R$ 25,00.

ENVIO
Postagem em até 3 dias úteis após a confirmação do pagamento.
Código de rastreamento enviado após a postagem.

DÚVIDAS OU PEDIDOS ESPECIAIS?
Para personalização ou tamanho diferenciado, chame na nossa loja no WhatsApp: 21 97073-4956
","in stock","new","210.00 BRL","https://wa.me/5521970734956?text=Ol%C3%A1!%20Gostaria%20de%20comprar%20a%20Knicks%20Torcedor%20Retro%20por%20R%24%20210%2C00.","https://i.ibb.co/PG47FCB4/frente.jpg","https://i.ibb.co/9mnT1g2P/costas.jpg","Manto Mania"
"lakers_torcedor_1977","Lakers Torcedor 1977","🔥 CAMISA DE FUTEBOL IMPORTADA 🔥
Produto importado sob encomenda da mais alta qualidade!

⚽ MODELO: Lakers Torcedor 1977

💰 VALOR: R$ 210,00

✈️ FRETE INTERNACIONAL GRÁTIS PARA TODO BRASIL!!
- Se houver taxa alfandegária, será paga pelo cliente.

📏 TABELA DE MEDIDAS (Regatas NBA)
| TAM | COMPR. | BUSTO | OMBROS | ALTURA  | PESO    |
| --- | ------ | ----- | ------ | ------- | ------- |
| P   | 70     | 98    | 35     | 160-170 | 90-115  |
| M   | 72     | 106   | 37     | 168-175 | 115-135 |
| G   | 75     | 112   | 39     | 172-180 | 145-165 |
| GG  | 77     | 120   | 41     | 178-185 | 165-185 |
| 2XL | 80     | 130   | 44     | 183-200 | 180-210 |

TAMANHOS EXTRAS
XXL e XXXL: + R$ 15,00
XXXXL: + R$ 25,00

PERSONALIZE SUA CAMISA!
Deixe seu manto ainda mais especial!
Nome + Número personalizados por apenas R$ 25,00.

ENVIO
Postagem em até 3 dias úteis após a confirmação do pagamento.
Código de rastreamento enviado após a postagem.

DÚVIDAS OU PEDIDOS ESPECIAIS?
Para personalização ou tamanho diferenciado, chame na nossa loja no WhatsApp: 21 97073-4956
","in stock","new","210.00 BRL","https://wa.me/5521970734956?text=Ol%C3%A1!%20Gostaria%20de%20comprar%20a%20Lakers%20Torcedor%201977%20por%20R%24%20210%2C00.","https://i.ibb.co/gLVhH4hz/frente.jpg","https://i.ibb.co/TM7d3ycQ/costas.jpg","Manto Mania"
"lakers_torcedor_2023","Lakers Torcedor 2023","🔥 CAMISA DE FUTEBOL IMPORTADA 🔥
Produto importado sob encomenda da mais alta qualidade!

⚽ MODELO: Lakers Torcedor 2023

💰 VALOR: R$ 210,00

✈️ FRETE INTERNACIONAL GRÁTIS PARA TODO BRASIL!!
- Se houver taxa alfandegária, será paga pelo cliente.

📏 TABELA DE MEDIDAS (Regatas NBA)
| TAM | COMPR. | BUSTO | OMBROS | ALTURA  | PESO    |
| --- | ------ | ----- | ------ | ------- | ------- |
| P   | 70     | 98    | 35     | 160-170 | 90-115  |
| M   | 72     | 106   | 37     | 168-175 | 115-135 |
| G   | 75     | 112   | 39     | 172-180 | 145-165 |
| GG  | 77     | 120   | 41     | 178-185 | 165-185 |
| 2XL | 80     | 130   | 44     | 183-200 | 180-210 |

TAMANHOS EXTRAS
XXL e XXXL: + R$ 15,00
XXXXL: + R$ 25,00

PERSONALIZE SUA CAMISA!
Deixe seu manto ainda mais especial!
Nome + Número personalizados por apenas R$ 25,00.

ENVIO
Postagem em até 3 dias úteis após a confirmação do pagamento.
Código de rastreamento enviado após a postagem.

DÚVIDAS OU PEDIDOS ESPECIAIS?
Para personalização ou tamanho diferenciado, chame na nossa loja no WhatsApp: 21 97073-4956
","in stock","new","210.00 BRL","https://wa.me/5521970734956?text=Ol%C3%A1!%20Gostaria%20de%20comprar%20a%20Lakers%20Torcedor%202023%20por%20R%24%20210%2C00.","https://i.ibb.co/d4DZRgmS/frente.jpg","https://i.ibb.co/ZwSTQDx/costas.jpg","Manto Mania"
"lakers_torcedor_retro","Lakers Torcedor Retro","🔥 CAMISA DE FUTEBOL IMPORTADA 🔥
Produto importado sob encomenda da mais alta qualidade!

⚽ MODELO: Lakers Torcedor Retro

💰 VALOR: R$ 210,00

✈️ FRETE INTERNACIONAL GRÁTIS PARA TODO BRASIL!!
- Se houver taxa alfandegária, será paga pelo cliente.

📏 TABELA DE MEDIDAS (Regatas NBA)
| TAM | COMPR. | BUSTO | OMBROS | ALTURA  | PESO    |
| --- | ------ | ----- | ------ | ------- | ------- |
| P   | 70     | 98    | 35     | 160-170 | 90-115  |
| M   | 72     | 106   | 37     | 168-175 | 115-135 |
| G   | 75     | 112   | 39     | 172-180 | 145-165 |
| GG  | 77     | 120   | 41     | 178-185 | 165-185 |
| 2XL | 80     | 130   | 44     | 183-200 | 180-210 |

TAMANHOS EXTRAS
XXL e XXXL: + R$ 15,00
XXXXL: + R$ 25,00

PERSONALIZE SUA CAMISA!
Deixe seu manto ainda mais especial!
Nome + Número personalizados por apenas R$ 25,00.

ENVIO
Postagem em até 3 dias úteis após a confirmação do pagamento.
Código de rastreamento enviado após a postagem.

DÚVIDAS OU PEDIDOS ESPECIAIS?
Para personalização ou tamanho diferenciado, chame na nossa loja no WhatsApp: 21 97073-4956
","in stock","new","210.00 BRL","https://wa.me/5521970734956?text=Ol%C3%A1!%20Gostaria%20de%20comprar%20a%20Lakers%20Torcedor%20Retro%20por%20R%24%20210%2C00.","https://i.ibb.co/B5dVDPSM/frente.jpg","https://i.ibb.co/fY5RMFm8/costas.jpg","Manto Mania"
"thunder_torcedor_2023","Thunder Torcedor 2023","🔥 CAMISA DE FUTEBOL IMPORTADA 🔥
Produto importado sob encomenda da mais alta qualidade!

⚽ MODELO: Thunder Torcedor 2023

💰 VALOR: R$ 210,00

✈️ FRETE INTERNACIONAL GRÁTIS PARA TODO BRASIL!!
- Se houver taxa alfandegária, será paga pelo cliente.

📏 TABELA DE MEDIDAS (Regatas NBA)
| TAM | COMPR. | BUSTO | OMBROS | ALTURA  | PESO    |
| --- | ------ | ----- | ------ | ------- | ------- |
| P   | 70     | 98    | 35     | 160-170 | 90-115  |
| M   | 72     | 106   | 37     | 168-175 | 115-135 |
| G   | 75     | 112   | 39     | 172-180 | 145-165 |
| GG  | 77     | 120   | 41     | 178-185 | 165-185 |
| 2XL | 80     | 130   | 44     | 183-200 | 180-210 |

TAMANHOS EXTRAS
XXL e XXXL: + R$ 15,00
XXXXL: + R$ 25,00

PERSONALIZE SUA CAMISA!
Deixe seu manto ainda mais especial!
Nome + Número personalizados por apenas R$ 25,00.

ENVIO
Postagem em até 3 dias úteis após a confirmação do pagamento.
Código de rastreamento enviado após a postagem.

DÚVIDAS OU PEDIDOS ESPECIAIS?
Para personalização ou tamanho diferenciado, chame na nossa loja no WhatsApp: 21 97073-4956
","in stock","new","210.00 BRL","https://wa.me/5521970734956?text=Ol%C3%A1!%20Gostaria%20de%20comprar%20a%20Thunder%20Torcedor%202023%20por%20R%24%20210%2C00.","https://i.ibb.co/7xhLpp1h/frente.jpg","https://i.ibb.co/Y73j4p0p/costas.jpg","Manto Mania"
"thunder_torcedor_2024","Thunder Torcedor 2024","🔥 CAMISA DE FUTEBOL IMPORTADA 🔥
Produto importado sob encomenda da mais alta qualidade!

⚽ MODELO: Thunder Torcedor 2024

💰 VALOR: R$ 210,00

✈️ FRETE INTERNACIONAL GRÁTIS PARA TODO BRASIL!!
- Se houver taxa alfandegária, será paga pelo cliente.

📏 TABELA DE MEDIDAS (Regatas NBA)
| TAM | COMPR. | BUSTO | OMBROS | ALTURA  | PESO    |
| --- | ------ | ----- | ------ | ------- | ------- |
| P   | 70     | 98    | 35     | 160-170 | 90-115  |
| M   | 72     | 106   | 37     | 168-175 | 115-135 |
| G   | 75     | 112   | 39     | 172-180 | 145-165 |
| GG  | 77     | 120   | 41     | 178-185 | 165-185 |
| 2XL | 80     | 130   | 44     | 183-200 | 180-210 |

TAMANHOS EXTRAS
XXL e XXXL: + R$ 15,00
XXXXL: + R$ 25,00

PERSONALIZE SUA CAMISA!
Deixe seu manto ainda mais especial!
Nome + Número personalizados por apenas R$ 25,00.

ENVIO
Postagem em até 3 dias úteis após a confirmação do pagamento.
Código de rastreamento enviado após a postagem.

DÚVIDAS OU PEDIDOS ESPECIAIS?
Para personalização ou tamanho diferenciado, chame na nossa loja no WhatsApp: 21 97073-4956
","in stock","new","210.00 BRL","https://wa.me/5521970734956?text=Ol%C3%A1!%20Gostaria%20de%20comprar%20a%20Thunder%20Torcedor%202024%20por%20R%24%20210%2C00.","https://i.ibb.co/XkD6xQc1/frente.jpg","https://i.ibb.co/Cp3F7rtP/costas.jpg","Manto Mania"
"thunder_torcedor_2025","Thunder Torcedor 2025","🔥 CAMISA DE FUTEBOL IMPORTADA 🔥
Produto importado sob encomenda da mais alta qualidade!

⚽ MODELO: Thunder Torcedor 2025

💰 VALOR: R$ 210,00

✈️ FRETE INTERNACIONAL GRÁTIS PARA TODO BRASIL!!
- Se houver taxa alfandegária, será paga pelo cliente.

📏 TABELA DE MEDIDAS (Regatas NBA)
| TAM | COMPR. | BUSTO | OMBROS | ALTURA  | PESO    |
| --- | ------ | ----- | ------ | ------- | ------- |
| P   | 70     | 98    | 35     | 160-170 | 90-115  |
| M   | 72     | 106   | 37     | 168-175 | 115-135 |
| G   | 75     | 112   | 39     | 172-180 | 145-165 |
| GG  | 77     | 120   | 41     | 178-185 | 165-185 |
| 2XL | 80     | 130   | 44     | 183-200 | 180-210 |

TAMANHOS EXTRAS
XXL e XXXL: + R$ 15,00
XXXXL: + R$ 25,00

PERSONALIZE SUA CAMISA!
Deixe seu manto ainda mais especial!
Nome + Número personalizados por apenas R$ 25,00.

ENVIO
Postagem em até 3 dias úteis após a confirmação do pagamento.
Código de rastreamento enviado após a postagem.

DÚVIDAS OU PEDIDOS ESPECIAIS?
Para personalização ou tamanho diferenciado, chame na nossa loja no WhatsApp: 21 97073-4956
","in stock","new","210.00 BRL","https://wa.me/5521970734956?text=Ol%C3%A1!%20Gostaria%20de%20comprar%20a%20Thunder%20Torcedor%202025%20por%20R%24%20210%2C00.","https://i.ibb.co/BVFfncky/frente.jpg","https://i.ibb.co/d0kJySxn/costas.jpg","Manto Mania"
"thunder_torcedor_2026","Thunder Torcedor 2026","🔥 CAMISA DE FUTEBOL IMPORTADA 🔥
Produto importado sob encomenda da mais alta qualidade!

⚽ MODELO: Thunder Torcedor 2026

💰 VALOR: R$ 210,00

✈️ FRETE INTERNACIONAL GRÁTIS PARA TODO BRASIL!!
- Se houver taxa alfandegária, será paga pelo cliente.

📏 TABELA DE MEDIDAS (Regatas NBA)
| TAM | COMPR. | BUSTO | OMBROS | ALTURA  | PESO    |
| --- | ------ | ----- | ------ | ------- | ------- |
| P   | 70     | 98    | 35     | 160-170 | 90-115  |
| M   | 72     | 106   | 37     | 168-175 | 115-135 |
| G   | 75     | 112   | 39     | 172-180 | 145-165 |
| GG  | 77     | 120   | 41     | 178-185 | 165-185 |
| 2XL | 80     | 130   | 44     | 183-200 | 180-210 |

TAMANHOS EXTRAS
XXL e XXXL: + R$ 15,00
XXXXL: + R$ 25,00

PERSONALIZE SUA CAMISA!
Deixe seu manto ainda mais especial!
Nome + Número personalizados por apenas R$ 25,00.

ENVIO
Postagem em até 3 dias úteis após a confirmação do pagamento.
Código de rastreamento enviado após a postagem.

DÚVIDAS OU PEDIDOS ESPECIAIS?
Para personalização ou tamanho diferenciado, chame na nossa loja no WhatsApp: 21 97073-4956
","in stock","new","210.00 BRL","https://wa.me/5521970734956?text=Ol%C3%A1!%20Gostaria%20de%20comprar%20a%20Thunder%20Torcedor%202026%20por%20R%24%20210%2C00.","https://i.ibb.co/4R6J4SDs/frente.jpg","https://i.ibb.co/ZzZBYJd7/costas.jpg","Manto Mania"
"argentina_jogador_2022","Argentina Jogador 2022","🔥 CAMISA DE FUTEBOL IMPORTADA 🔥
Produto importado sob encomenda da mais alta qualidade!

⚽ MODELO: Argentina Jogador 2022

💰 VALOR: R$ 189,90

✈️ FRETE INTERNACIONAL GRÁTIS PARA TODO BRASIL!!
- Se houver taxa alfandegária, será paga pelo cliente.

📏 TABELA DE MEDIDAS (Jogador)
| TAM | COMPR. | LARGURA | ALTURA  | PESO   |
| --- | ------ | ------- | ------- | ------ |
| P   | 67-69  | 49-51   | 162-170 | 50-62  |
| M   | 69-71  | 51-53   | 170-175 | 62-78  |
| G   | 71-73  | 53-55   | 175-180 | 78-83  |
| GG  | 73-76  | 55-57   | 180-185 | 83-90  |
| 2XL | 76-78  | 57-60   | 185-190 | 90-97  |
| 3XL | 78-79  | 60-63   | 190-195 | 97-104 |

TAMANHOS EXTRAS
XXL e XXXL: + R$ 15,00
XXXXL: + R$ 25,00

PERSONALIZE SUA CAMISA!
Deixe seu manto ainda mais especial!
Nome + Número personalizados por apenas R$ 25,00.

ENVIO
Postagem em até 3 dias úteis após a confirmação do pagamento.
Código de rastreamento enviado após a postagem.

DÚVIDAS OU PEDIDOS ESPECIAIS?
Para personalização ou tamanho diferenciado, chame na nossa loja no WhatsApp: 21 97073-4956
","in stock","new","189.90 BRL","https://wa.me/5521970734956?text=Ol%C3%A1!%20Gostaria%20de%20comprar%20a%20Argentina%20Jogador%202022%20por%20R%24%20189%2C90.","https://i.ibb.co/zWvQqzWp/frente.jpg","","Manto Mania"
"argentina_jogador_2022_home","Argentina Jogador 2022 Home","🔥 CAMISA DE FUTEBOL IMPORTADA 🔥
Produto importado sob encomenda da mais alta qualidade!

⚽ MODELO: Argentina Jogador 2022 Home

💰 VALOR: R$ 189,90

✈️ FRETE INTERNACIONAL GRÁTIS PARA TODO BRASIL!!
- Se houver taxa alfandegária, será paga pelo cliente.

📏 TABELA DE MEDIDAS (Jogador)
| TAM | COMPR. | LARGURA | ALTURA  | PESO   |
| --- | ------ | ------- | ------- | ------ |
| P   | 67-69  | 49-51   | 162-170 | 50-62  |
| M   | 69-71  | 51-53   | 170-175 | 62-78  |
| G   | 71-73  | 53-55   | 175-180 | 78-83  |
| GG  | 73-76  | 55-57   | 180-185 | 83-90  |
| 2XL | 76-78  | 57-60   | 185-190 | 90-97  |
| 3XL | 78-79  | 60-63   | 190-195 | 97-104 |

TAMANHOS EXTRAS
XXL e XXXL: + R$ 15,00
XXXXL: + R$ 25,00

PERSONALIZE SUA CAMISA!
Deixe seu manto ainda mais especial!
Nome + Número personalizados por apenas R$ 25,00.

ENVIO
Postagem em até 3 dias úteis após a confirmação do pagamento.
Código de rastreamento enviado após a postagem.

DÚVIDAS OU PEDIDOS ESPECIAIS?
Para personalização ou tamanho diferenciado, chame na nossa loja no WhatsApp: 21 97073-4956
","in stock","new","189.90 BRL","https://wa.me/5521970734956?text=Ol%C3%A1!%20Gostaria%20de%20comprar%20a%20Argentina%20Jogador%202022%20Home%20por%20R%24%20189%2C90.","https://i.ibb.co/S4XyJCLR/frente.jpg","https://i.ibb.co/zWvQqzWp/frente.jpg","Manto Mania"
"argentina_torcedor_2022_home","Argentina Torcedor 2022 Home","🔥 CAMISA DE FUTEBOL IMPORTADA 🔥
Produto importado sob encomenda da mais alta qualidade!

⚽ MODELO: Argentina Torcedor 2022 Home

💰 VALOR: R$ 145,00

✈️ FRETE INTERNACIONAL GRÁTIS PARA TODO BRASIL!!
- Se houver taxa alfandegária, será paga pelo cliente.

📏 TABELA DE MEDIDAS (Torcedor/Masculino)
| TAM | COMPR. | LARGURA | ALTURA  | PESO    |
| --- | ------ | ------- | ------- | ------- |
| P   | 69-71  | 53-55   | 162-170 | 50-62   |
| M   | 71-73  | 55-57   | 170-176 | 62-78   |
| G   | 73-75  | 57-59   | 176-182 | 78-83   |
| GG  | 75-78  | 58-60   | 182-190 | 83-90   |
| 2XL | 78-81  | 60-62   | 190-195 | 90-97   |
| 3XL | 81-83  | 62-64   | 192-197 | 97-104  |
| 4XL | 83-85  | 64-65   | 197-200 | 104-110 |

TAMANHOS EXTRAS
XXL e XXXL: + R$ 15,00
XXXXL: + R$ 25,00

PERSONALIZE SUA CAMISA!
Deixe seu manto ainda mais especial!
Nome + Número personalizados por apenas R$ 25,00.

ENVIO
Postagem em até 3 dias úteis após a confirmação do pagamento.
Código de rastreamento enviado após a postagem.

DÚVIDAS OU PEDIDOS ESPECIAIS?
Para personalização ou tamanho diferenciado, chame na nossa loja no WhatsApp: 21 97073-4956
","in stock","new","145.00 BRL","https://wa.me/5521970734956?text=Ol%C3%A1!%20Gostaria%20de%20comprar%20a%20Argentina%20Torcedor%202022%20Home%20por%20R%24%20145%2C00.","https://i.ibb.co/fGyGCgHZ/frente.jpg","https://i.ibb.co/Vc2PPJy6/costas.jpg","Manto Mania"
"cura_o_torcedor_2026_away","Curação Torcedor 2026 Away","🔥 CAMISA DE FUTEBOL IMPORTADA 🔥
Produto importado sob encomenda da mais alta qualidade!

⚽ MODELO: Curação Torcedor 2026 Away

💰 VALOR: R$ 145,00

✈️ FRETE INTERNACIONAL GRÁTIS PARA TODO BRASIL!!
- Se houver taxa alfandegária, será paga pelo cliente.

📏 TABELA DE MEDIDAS (Torcedor/Masculino)
| TAM | COMPR. | LARGURA | ALTURA  | PESO    |
| --- | ------ | ------- | ------- | ------- |
| P   | 69-71  | 53-55   | 162-170 | 50-62   |
| M   | 71-73  | 55-57   | 170-176 | 62-78   |
| G   | 73-75  | 57-59   | 176-182 | 78-83   |
| GG  | 75-78  | 58-60   | 182-190 | 83-90   |
| 2XL | 78-81  | 60-62   | 190-195 | 90-97   |
| 3XL | 81-83  | 62-64   | 192-197 | 97-104  |
| 4XL | 83-85  | 64-65   | 197-200 | 104-110 |

TAMANHOS EXTRAS
XXL e XXXL: + R$ 15,00
XXXXL: + R$ 25,00

PERSONALIZE SUA CAMISA!
Deixe seu manto ainda mais especial!
Nome + Número personalizados por apenas R$ 25,00.

ENVIO
Postagem em até 3 dias úteis após a confirmação do pagamento.
Código de rastreamento enviado após a postagem.

DÚVIDAS OU PEDIDOS ESPECIAIS?
Para personalização ou tamanho diferenciado, chame na nossa loja no WhatsApp: 21 97073-4956
","in stock","new","145.00 BRL","https://wa.me/5521970734956?text=Ol%C3%A1!%20Gostaria%20de%20comprar%20a%20Cura%C3%A7%C3%A3o%20Torcedor%202026%20Away%20por%20R%24%20145%2C00.","https://i.ibb.co/BK3m68gs/frente.jpg","https://i.ibb.co/jPtxYqNL/costas.jpg","Manto Mania"
"bayern_de_munique_torcedor_2020_home","Bayern de Munique Torcedor 2020 Home","🔥 CAMISA RETRÔ BAYERN DE MUNIQUE 🔥
Vista a grandeza do gigante alemão com uma camisa repleta de história!

⚽ MODELO: Bayern de Munique Torcedor 2020 Home

💰 VALOR: R$ 145,00

✈️ FRETE INTERNACIONAL GRÁTIS PARA TODO BRASIL!!
- Se houver taxa alfandegária, será paga pelo cliente.

📏 TABELA DE MEDIDAS (Torcedor/Masculino)
| TAM | COMPR. | LARGURA | ALTURA  | PESO    |
| --- | ------ | ------- | ------- | ------- |
| P   | 69-71  | 53-55   | 162-170 | 50-62   |
| M   | 71-73  | 55-57   | 170-176 | 62-78   |
| G   | 73-75  | 57-59   | 176-182 | 78-83   |
| GG  | 75-78  | 58-60   | 182-190 | 83-90   |
| 2XL | 78-81  | 60-62   | 190-195 | 90-97   |
| 3XL | 81-83  | 62-64   | 192-197 | 97-104  |
| 4XL | 83-85  | 64-65   | 197-200 | 104-110 |

TAMANHOS EXTRAS
XXL e XXXL: + R$ 15,00
XXXXL: + R$ 25,00

PERSONALIZE SUA CAMISA!
Deixe seu manto ainda mais especial!
Nome + Número personalizados por apenas R$ 25,00.

ENVIO
Postagem em até 3 dias úteis após a confirmação do pagamento.
Código de rastreamento enviado após a postagem.

DÚVIDAS OU PEDIDOS ESPECIAIS?
Para personalização ou tamanho diferenciado, chame na nossa loja no WhatsApp: 21 97073-4956
","in stock","new","145.00 BRL","https://wa.me/5521970734956?text=Ol%C3%A1!%20Gostaria%20de%20comprar%20a%20Bayern%20de%20Munique%20Torcedor%202020%20Home%20por%20R%24%20145%2C00.","https://i.ibb.co/3mtZ7tMj/frente.jpg","https://i.ibb.co/bjbWnvcH/costas.jpg","Manto Mania"
"bayern_de_munique_torcedor_2023_2024_away","Bayern de Munique Torcedor 2023-2024 Away","🔥 CAMISA RETRÔ BAYERN DE MUNIQUE 🔥
Vista a grandeza do gigante alemão com uma camisa repleta de história!

⚽ MODELO: Bayern de Munique Torcedor 2023-2024 Away

💰 VALOR: R$ 145,00

✈️ FRETE INTERNACIONAL GRÁTIS PARA TODO BRASIL!!
- Se houver taxa alfandegária, será paga pelo cliente.

📏 TABELA DE MEDIDAS (Torcedor/Masculino)
| TAM | COMPR. | LARGURA | ALTURA  | PESO    |
| --- | ------ | ------- | ------- | ------- |
| P   | 69-71  | 53-55   | 162-170 | 50-62   |
| M   | 71-73  | 55-57   | 170-176 | 62-78   |
| G   | 73-75  | 57-59   | 176-182 | 78-83   |
| GG  | 75-78  | 58-60   | 182-190 | 83-90   |
| 2XL | 78-81  | 60-62   | 190-195 | 90-97   |
| 3XL | 81-83  | 62-64   | 192-197 | 97-104  |
| 4XL | 83-85  | 64-65   | 197-200 | 104-110 |

TAMANHOS EXTRAS
XXL e XXXL: + R$ 15,00
XXXXL: + R$ 25,00

PERSONALIZE SUA CAMISA!
Deixe seu manto ainda mais especial!
Nome + Número personalizados por apenas R$ 25,00.

ENVIO
Postagem em até 3 dias úteis após a confirmação do pagamento.
Código de rastreamento enviado após a postagem.

DÚVIDAS OU PEDIDOS ESPECIAIS?
Para personalização ou tamanho diferenciado, chame na nossa loja no WhatsApp: 21 97073-4956
","in stock","new","145.00 BRL","https://wa.me/5521970734956?text=Ol%C3%A1!%20Gostaria%20de%20comprar%20a%20Bayern%20de%20Munique%20Torcedor%202023-2024%20Away%20por%20R%24%20145%2C00.","https://i.ibb.co/GvqYMt6R/frente.jpg","https://i.ibb.co/NgTcy2y4/costas.jpg","Manto Mania"
"bayern_de_munique_torcedor_2024_2025_home","Bayern de Munique Torcedor 2024-2025 Home","🔥 CAMISA RETRÔ BAYERN DE MUNIQUE 🔥
Vista a grandeza do gigante alemão com uma camisa repleta de história!

⚽ MODELO: Bayern de Munique Torcedor 2024-2025 Home

💰 VALOR: R$ 145,00

✈️ FRETE INTERNACIONAL GRÁTIS PARA TODO BRASIL!!
- Se houver taxa alfandegária, será paga pelo cliente.

📏 TABELA DE MEDIDAS (Torcedor/Masculino)
| TAM | COMPR. | LARGURA | ALTURA  | PESO    |
| --- | ------ | ------- | ------- | ------- |
| P   | 69-71  | 53-55   | 162-170 | 50-62   |
| M   | 71-73  | 55-57   | 170-176 | 62-78   |
| G   | 73-75  | 57-59   | 176-182 | 78-83   |
| GG  | 75-78  | 58-60   | 182-190 | 83-90   |
| 2XL | 78-81  | 60-62   | 190-195 | 90-97   |
| 3XL | 81-83  | 62-64   | 192-197 | 97-104  |
| 4XL | 83-85  | 64-65   | 197-200 | 104-110 |

TAMANHOS EXTRAS
XXL e XXXL: + R$ 15,00
XXXXL: + R$ 25,00

PERSONALIZE SUA CAMISA!
Deixe seu manto ainda mais especial!
Nome + Número personalizados por apenas R$ 25,00.

ENVIO
Postagem em até 3 dias úteis após a confirmação do pagamento.
Código de rastreamento enviado após a postagem.

DÚVIDAS OU PEDIDOS ESPECIAIS?
Para personalização ou tamanho diferenciado, chame na nossa loja no WhatsApp: 21 97073-4956
","in stock","new","145.00 BRL","https://wa.me/5521970734956?text=Ol%C3%A1!%20Gostaria%20de%20comprar%20a%20Bayern%20de%20Munique%20Torcedor%202024-2025%20Home%20por%20R%24%20145%2C00.","https://i.ibb.co/5XxLQ2NG/frente.jpg","https://i.ibb.co/bRHS6hqG/costas.jpg","Manto Mania"
"borussia_dortmund_torcedor_2026_2027_black","Borussia Dortmund Torcedor 2026-2027 Black","🔥 CAMISA RETRÔ BORUSSIA DORTMUND 🔥
A paixão da Muralha Amarela em um manto que representa raça e tradição!

⚽ MODELO: Borussia Dortmund Torcedor 2026-2027 Black

💰 VALOR: R$ 145,00

✈️ FRETE INTERNACIONAL GRÁTIS PARA TODO BRASIL!!
- Se houver taxa alfandegária, será paga pelo cliente.

📏 TABELA DE MEDIDAS (Torcedor/Masculino)
| TAM | COMPR. | LARGURA | ALTURA  | PESO    |
| --- | ------ | ------- | ------- | ------- |
| P   | 69-71  | 53-55   | 162-170 | 50-62   |
| M   | 71-73  | 55-57   | 170-176 | 62-78   |
| G   | 73-75  | 57-59   | 176-182 | 78-83   |
| GG  | 75-78  | 58-60   | 182-190 | 83-90   |
| 2XL | 78-81  | 60-62   | 190-195 | 90-97   |
| 3XL | 81-83  | 62-64   | 192-197 | 97-104  |
| 4XL | 83-85  | 64-65   | 197-200 | 104-110 |

TAMANHOS EXTRAS
XXL e XXXL: + R$ 15,00
XXXXL: + R$ 25,00

PERSONALIZE SUA CAMISA!
Deixe seu manto ainda mais especial!
Nome + Número personalizados por apenas R$ 25,00.

ENVIO
Postagem em até 3 dias úteis após a confirmação do pagamento.
Código de rastreamento enviado após a postagem.

DÚVIDAS OU PEDIDOS ESPECIAIS?
Para personalização ou tamanho diferenciado, chame na nossa loja no WhatsApp: 21 97073-4956
","in stock","new","145.00 BRL","https://wa.me/5521970734956?text=Ol%C3%A1!%20Gostaria%20de%20comprar%20a%20Borussia%20Dortmund%20Torcedor%202026-2027%20Black%20por%20R%24%20145%2C00.","https://i.ibb.co/wZjGxS52/frente.jpg","https://i.ibb.co/vCfCjvvk/costas.jpg","Manto Mania"
"borussia_dortmund_torcedor_2026_2027_home","Borussia Dortmund Torcedor 2026-2027 Home","🔥 CAMISA RETRÔ BORUSSIA DORTMUND 🔥
A paixão da Muralha Amarela em um manto que representa raça e tradição!

⚽ MODELO: Borussia Dortmund Torcedor 2026-2027 Home

💰 VALOR: R$ 145,00

✈️ FRETE INTERNACIONAL GRÁTIS PARA TODO BRASIL!!
- Se houver taxa alfandegária, será paga pelo cliente.

📏 TABELA DE MEDIDAS (Torcedor/Masculino)
| TAM | COMPR. | LARGURA | ALTURA  | PESO    |
| --- | ------ | ------- | ------- | ------- |
| P   | 69-71  | 53-55   | 162-170 | 50-62   |
| M   | 71-73  | 55-57   | 170-176 | 62-78   |
| G   | 73-75  | 57-59   | 176-182 | 78-83   |
| GG  | 75-78  | 58-60   | 182-190 | 83-90   |
| 2XL | 78-81  | 60-62   | 190-195 | 90-97   |
| 3XL | 81-83  | 62-64   | 192-197 | 97-104  |
| 4XL | 83-85  | 64-65   | 197-200 | 104-110 |

TAMANHOS EXTRAS
XXL e XXXL: + R$ 15,00
XXXXL: + R$ 25,00

PERSONALIZE SUA CAMISA!
Deixe seu manto ainda mais especial!
Nome + Número personalizados por apenas R$ 25,00.

ENVIO
Postagem em até 3 dias úteis após a confirmação do pagamento.
Código de rastreamento enviado após a postagem.

DÚVIDAS OU PEDIDOS ESPECIAIS?
Para personalização ou tamanho diferenciado, chame na nossa loja no WhatsApp: 21 97073-4956
","in stock","new","145.00 BRL","https://wa.me/5521970734956?text=Ol%C3%A1!%20Gostaria%20de%20comprar%20a%20Borussia%20Dortmund%20Torcedor%202026-2027%20Home%20por%20R%24%20145%2C00.","https://i.ibb.co/671fqp8R/frente.jpg","https://i.ibb.co/gFBb3P2L/costas.jpg","Manto Mania"
"barcelona_torcedor_1996_home","Barcelona Torcedor 1996 Home","🔥 CAMISA RETRÔ BARCELONA 🔥
Um clássico do Barça para quem vive o verdadeiro futebol arte!

⚽ MODELO: Barcelona Torcedor 1996 Home

💰 VALOR: R$ 145,00

✈️ FRETE INTERNACIONAL GRÁTIS PARA TODO BRASIL!!
- Se houver taxa alfandegária, será paga pelo cliente.

📏 TABELA DE MEDIDAS (Torcedor/Masculino)
| TAM | COMPR. | LARGURA | ALTURA  | PESO    |
| --- | ------ | ------- | ------- | ------- |
| P   | 69-71  | 53-55   | 162-170 | 50-62   |
| M   | 71-73  | 55-57   | 170-176 | 62-78   |
| G   | 73-75  | 57-59   | 176-182 | 78-83   |
| GG  | 75-78  | 58-60   | 182-190 | 83-90   |
| 2XL | 78-81  | 60-62   | 190-195 | 90-97   |
| 3XL | 81-83  | 62-64   | 192-197 | 97-104  |
| 4XL | 83-85  | 64-65   | 197-200 | 104-110 |

TAMANHOS EXTRAS
XXL e XXXL: + R$ 15,00
XXXXL: + R$ 25,00

PERSONALIZE SUA CAMISA!
Deixe seu manto ainda mais especial!
Nome + Número personalizados por apenas R$ 25,00.

ENVIO
Postagem em até 3 dias úteis após a confirmação do pagamento.
Código de rastreamento enviado após a postagem.

DÚVIDAS OU PEDIDOS ESPECIAIS?
Para personalização ou tamanho diferenciado, chame na nossa loja no WhatsApp: 21 97073-4956
","in stock","new","145.00 BRL","https://wa.me/5521970734956?text=Ol%C3%A1!%20Gostaria%20de%20comprar%20a%20Barcelona%20Torcedor%201996%20Home%20por%20R%24%20145%2C00.","https://i.ibb.co/kjDLyXY/frente.jpg","https://i.ibb.co/27t5GW99/costas.jpg","Manto Mania"
"barcelona_torcedor_2010_home","Barcelona Torcedor 2010 Home","🔥 CAMISA RETRÔ BARCELONA 🔥
Um clássico do Barça para quem vive o verdadeiro futebol arte!

⚽ MODELO: Barcelona Torcedor 2010 Home

💰 VALOR: R$ 145,00

✈️ FRETE INTERNACIONAL GRÁTIS PARA TODO BRASIL!!
- Se houver taxa alfandegária, será paga pelo cliente.

📏 TABELA DE MEDIDAS (Torcedor/Masculino)
| TAM | COMPR. | LARGURA | ALTURA  | PESO    |
| --- | ------ | ------- | ------- | ------- |
| P   | 69-71  | 53-55   | 162-170 | 50-62   |
| M   | 71-73  | 55-57   | 170-176 | 62-78   |
| G   | 73-75  | 57-59   | 176-182 | 78-83   |
| GG  | 75-78  | 58-60   | 182-190 | 83-90   |
| 2XL | 78-81  | 60-62   | 190-195 | 90-97   |
| 3XL | 81-83  | 62-64   | 192-197 | 97-104  |
| 4XL | 83-85  | 64-65   | 197-200 | 104-110 |

TAMANHOS EXTRAS
XXL e XXXL: + R$ 15,00
XXXXL: + R$ 25,00

PERSONALIZE SUA CAMISA!
Deixe seu manto ainda mais especial!
Nome + Número personalizados por apenas R$ 25,00.

ENVIO
Postagem em até 3 dias úteis após a confirmação do pagamento.
Código de rastreamento enviado após a postagem.

DÚVIDAS OU PEDIDOS ESPECIAIS?
Para personalização ou tamanho diferenciado, chame na nossa loja no WhatsApp: 21 97073-4956
","in stock","new","145.00 BRL","https://wa.me/5521970734956?text=Ol%C3%A1!%20Gostaria%20de%20comprar%20a%20Barcelona%20Torcedor%202010%20Home%20por%20R%24%20145%2C00.","https://i.ibb.co/3ypwkMBg/frente.jpg","https://i.ibb.co/Xf8qq3SH/costas.jpg","Manto Mania"
"barcelona_torcedor_2014_2015_home","Barcelona Torcedor 2014-2015 Home","🔥 CAMISA RETRÔ BARCELONA 🔥
Um clássico do Barça para quem vive o verdadeiro futebol arte!

⚽ MODELO: Barcelona Torcedor 2014-2015 Home

💰 VALOR: R$ 145,00

✈️ FRETE INTERNACIONAL GRÁTIS PARA TODO BRASIL!!
- Se houver taxa alfandegária, será paga pelo cliente.

📏 TABELA DE MEDIDAS (Torcedor/Masculino)
| TAM | COMPR. | LARGURA | ALTURA  | PESO    |
| --- | ------ | ------- | ------- | ------- |
| P   | 69-71  | 53-55   | 162-170 | 50-62   |
| M   | 71-73  | 55-57   | 170-176 | 62-78   |
| G   | 73-75  | 57-59   | 176-182 | 78-83   |
| GG  | 75-78  | 58-60   | 182-190 | 83-90   |
| 2XL | 78-81  | 60-62   | 190-195 | 90-97   |
| 3XL | 81-83  | 62-64   | 192-197 | 97-104  |
| 4XL | 83-85  | 64-65   | 197-200 | 104-110 |

TAMANHOS EXTRAS
XXL e XXXL: + R$ 15,00
XXXXL: + R$ 25,00

PERSONALIZE SUA CAMISA!
Deixe seu manto ainda mais especial!
Nome + Número personalizados por apenas R$ 25,00.

ENVIO
Postagem em até 3 dias úteis após a confirmação do pagamento.
Código de rastreamento enviado após a postagem.

DÚVIDAS OU PEDIDOS ESPECIAIS?
Para personalização ou tamanho diferenciado, chame na nossa loja no WhatsApp: 21 97073-4956
","in stock","new","145.00 BRL","https://wa.me/5521970734956?text=Ol%C3%A1!%20Gostaria%20de%20comprar%20a%20Barcelona%20Torcedor%202014-2015%20Home%20por%20R%24%20145%2C00.","https://i.ibb.co/fVWqdWyS/frente.jpg","https://i.ibb.co/tT0tF1Cf/costas.jpg","Manto Mania"
"barcelona_torcedor_2024_2025_home","Barcelona Torcedor 2024-2025 Home","🔥 CAMISA RETRÔ BARCELONA 🔥
Um clássico do Barça para quem vive o verdadeiro futebol arte!

⚽ MODELO: Barcelona Torcedor 2024-2025 Home

💰 VALOR: R$ 145,00

✈️ FRETE INTERNACIONAL GRÁTIS PARA TODO BRASIL!!
- Se houver taxa alfandegária, será paga pelo cliente.

📏 TABELA DE MEDIDAS (Torcedor/Masculino)
| TAM | COMPR. | LARGURA | ALTURA  | PESO    |
| --- | ------ | ------- | ------- | ------- |
| P   | 69-71  | 53-55   | 162-170 | 50-62   |
| M   | 71-73  | 55-57   | 170-176 | 62-78   |
| G   | 73-75  | 57-59   | 176-182 | 78-83   |
| GG  | 75-78  | 58-60   | 182-190 | 83-90   |
| 2XL | 78-81  | 60-62   | 190-195 | 90-97   |
| 3XL | 81-83  | 62-64   | 192-197 | 97-104  |
| 4XL | 83-85  | 64-65   | 197-200 | 104-110 |

TAMANHOS EXTRAS
XXL e XXXL: + R$ 15,00
XXXXL: + R$ 25,00

PERSONALIZE SUA CAMISA!
Deixe seu manto ainda mais especial!
Nome + Número personalizados por apenas R$ 25,00.

ENVIO
Postagem em até 3 dias úteis após a confirmação do pagamento.
Código de rastreamento enviado após a postagem.

DÚVIDAS OU PEDIDOS ESPECIAIS?
Para personalização ou tamanho diferenciado, chame na nossa loja no WhatsApp: 21 97073-4956
","in stock","new","145.00 BRL","https://wa.me/5521970734956?text=Ol%C3%A1!%20Gostaria%20de%20comprar%20a%20Barcelona%20Torcedor%202024-2025%20Home%20por%20R%24%20145%2C00.","https://i.ibb.co/zW0W4KMk/frente.jpg","https://i.ibb.co/Hcsf1H0/costas.jpg","Manto Mania"
"paris_saint_germain_torcedor_1998_away","Paris Saint-Germain Torcedor 1998 Away","🔥 CAMISA RETRÔ PARIS SAINT-GERMAIN 🔥
Leve a elegância do PSG com uma camisa que marcou diferentes gerações!

⚽ MODELO: Paris Saint-Germain Torcedor 1998 Away

💰 VALOR: R$ 145,00

✈️ FRETE INTERNACIONAL GRÁTIS PARA TODO BRASIL!!
- Se houver taxa alfandegária, será paga pelo cliente.

📏 TABELA DE MEDIDAS (Torcedor/Masculino)
| TAM | COMPR. | LARGURA | ALTURA  | PESO    |
| --- | ------ | ------- | ------- | ------- |
| P   | 69-71  | 53-55   | 162-170 | 50-62   |
| M   | 71-73  | 55-57   | 170-176 | 62-78   |
| G   | 73-75  | 57-59   | 176-182 | 78-83   |
| GG  | 75-78  | 58-60   | 182-190 | 83-90   |
| 2XL | 78-81  | 60-62   | 190-195 | 90-97   |
| 3XL | 81-83  | 62-64   | 192-197 | 97-104  |
| 4XL | 83-85  | 64-65   | 197-200 | 104-110 |

TAMANHOS EXTRAS
XXL e XXXL: + R$ 15,00
XXXXL: + R$ 25,00

PERSONALIZE SUA CAMISA!
Deixe seu manto ainda mais especial!
Nome + Número personalizados por apenas R$ 25,00.

ENVIO
Postagem em até 3 dias úteis após a confirmação do pagamento.
Código de rastreamento enviado após a postagem.

DÚVIDAS OU PEDIDOS ESPECIAIS?
Para personalização ou tamanho diferenciado, chame na nossa loja no WhatsApp: 21 97073-4956
","in stock","new","145.00 BRL","https://wa.me/5521970734956?text=Ol%C3%A1!%20Gostaria%20de%20comprar%20a%20Paris%20Saint-Germain%20Torcedor%201998%20Away%20por%20R%24%20145%2C00.","https://i.ibb.co/jkKN01Ln/frente.jpg","https://i.ibb.co/HTXD4bc5/costas.jpg","Manto Mania"
"paris_saint_germain_torcedor_1998_home","Paris Saint-Germain Torcedor 1998 Home","🔥 CAMISA RETRÔ PARIS SAINT-GERMAIN 🔥
Leve a elegância do PSG com uma camisa que marcou diferentes gerações!

⚽ MODELO: Paris Saint-Germain Torcedor 1998 Home

💰 VALOR: R$ 145,00

✈️ FRETE INTERNACIONAL GRÁTIS PARA TODO BRASIL!!
- Se houver taxa alfandegária, será paga pelo cliente.

📏 TABELA DE MEDIDAS (Torcedor/Masculino)
| TAM | COMPR. | LARGURA | ALTURA  | PESO    |
| --- | ------ | ------- | ------- | ------- |
| P   | 69-71  | 53-55   | 162-170 | 50-62   |
| M   | 71-73  | 55-57   | 170-176 | 62-78   |
| G   | 73-75  | 57-59   | 176-182 | 78-83   |
| GG  | 75-78  | 58-60   | 182-190 | 83-90   |
| 2XL | 78-81  | 60-62   | 190-195 | 90-97   |
| 3XL | 81-83  | 62-64   | 192-197 | 97-104  |
| 4XL | 83-85  | 64-65   | 197-200 | 104-110 |

TAMANHOS EXTRAS
XXL e XXXL: + R$ 15,00
XXXXL: + R$ 25,00

PERSONALIZE SUA CAMISA!
Deixe seu manto ainda mais especial!
Nome + Número personalizados por apenas R$ 25,00.

ENVIO
Postagem em até 3 dias úteis após a confirmação do pagamento.
Código de rastreamento enviado após a postagem.

DÚVIDAS OU PEDIDOS ESPECIAIS?
Para personalização ou tamanho diferenciado, chame na nossa loja no WhatsApp: 21 97073-4956
","in stock","new","145.00 BRL","https://wa.me/5521970734956?text=Ol%C3%A1!%20Gostaria%20de%20comprar%20a%20Paris%20Saint-Germain%20Torcedor%201998%20Home%20por%20R%24%20145%2C00.","https://i.ibb.co/Txm5MWhS/frente.jpg","https://i.ibb.co/8DYT3V0c/costas.jpg","Manto Mania"
"paris_saint_germain_torcedor_2001_home","Paris Saint-Germain Torcedor 2001 Home","🔥 CAMISA RETRÔ PARIS SAINT-GERMAIN 🔥
Leve a elegância do PSG com uma camisa que marcou diferentes gerações!

⚽ MODELO: Paris Saint-Germain Torcedor 2001 Home

💰 VALOR: R$ 145,00

✈️ FRETE INTERNACIONAL GRÁTIS PARA TODO BRASIL!!
- Se houver taxa alfandegária, será paga pelo cliente.

📏 TABELA DE MEDIDAS (Torcedor/Masculino)
| TAM | COMPR. | LARGURA | ALTURA  | PESO    |
| --- | ------ | ------- | ------- | ------- |
| P   | 69-71  | 53-55   | 162-170 | 50-62   |
| M   | 71-73  | 55-57   | 170-176 | 62-78   |
| G   | 73-75  | 57-59   | 176-182 | 78-83   |
| GG  | 75-78  | 58-60   | 182-190 | 83-90   |
| 2XL | 78-81  | 60-62   | 190-195 | 90-97   |
| 3XL | 81-83  | 62-64   | 192-197 | 97-104  |
| 4XL | 83-85  | 64-65   | 197-200 | 104-110 |

TAMANHOS EXTRAS
XXL e XXXL: + R$ 15,00
XXXXL: + R$ 25,00

PERSONALIZE SUA CAMISA!
Deixe seu manto ainda mais especial!
Nome + Número personalizados por apenas R$ 25,00.

ENVIO
Postagem em até 3 dias úteis após a confirmação do pagamento.
Código de rastreamento enviado após a postagem.

DÚVIDAS OU PEDIDOS ESPECIAIS?
Para personalização ou tamanho diferenciado, chame na nossa loja no WhatsApp: 21 97073-4956
","in stock","new","145.00 BRL","https://wa.me/5521970734956?text=Ol%C3%A1!%20Gostaria%20de%20comprar%20a%20Paris%20Saint-Germain%20Torcedor%202001%20Home%20por%20R%24%20145%2C00.","https://i.ibb.co/B2gbbB3m/frente.jpg","https://i.ibb.co/rRN58yr6/costas.jpg","Manto Mania"
"paris_saint_germain_torcedor_2024_2025_away","Paris Saint-Germain Torcedor 2024-2025 Away","🔥 CAMISA RETRÔ PARIS SAINT-GERMAIN 🔥
Leve a elegância do PSG com uma camisa que marcou diferentes gerações!

⚽ MODELO: Paris Saint-Germain Torcedor 2024-2025 Away

💰 VALOR: R$ 145,00

✈️ FRETE INTERNACIONAL GRÁTIS PARA TODO BRASIL!!
- Se houver taxa alfandegária, será paga pelo cliente.

📏 TABELA DE MEDIDAS (Torcedor/Masculino)
| TAM | COMPR. | LARGURA | ALTURA  | PESO    |
| --- | ------ | ------- | ------- | ------- |
| P   | 69-71  | 53-55   | 162-170 | 50-62   |
| M   | 71-73  | 55-57   | 170-176 | 62-78   |
| G   | 73-75  | 57-59   | 176-182 | 78-83   |
| GG  | 75-78  | 58-60   | 182-190 | 83-90   |
| 2XL | 78-81  | 60-62   | 190-195 | 90-97   |
| 3XL | 81-83  | 62-64   | 192-197 | 97-104  |
| 4XL | 83-85  | 64-65   | 197-200 | 104-110 |

TAMANHOS EXTRAS
XXL e XXXL: + R$ 15,00
XXXXL: + R$ 25,00

PERSONALIZE SUA CAMISA!
Deixe seu manto ainda mais especial!
Nome + Número personalizados por apenas R$ 25,00.

ENVIO
Postagem em até 3 dias úteis após a confirmação do pagamento.
Código de rastreamento enviado após a postagem.

DÚVIDAS OU PEDIDOS ESPECIAIS?
Para personalização ou tamanho diferenciado, chame na nossa loja no WhatsApp: 21 97073-4956
","in stock","new","145.00 BRL","https://wa.me/5521970734956?text=Ol%C3%A1!%20Gostaria%20de%20comprar%20a%20Paris%20Saint-Germain%20Torcedor%202024-2025%20Away%20por%20R%24%20145%2C00.","https://i.ibb.co/0y8vm2jt/frente.jpg","https://i.ibb.co/Tjw1q03/costas.jpg","Manto Mania"
"paris_saint_germain_torcedor_2025_home","Paris Saint-Germain Torcedor 2025 Home","🔥 CAMISA RETRÔ PARIS SAINT-GERMAIN 🔥
Leve a elegância do PSG com uma camisa que marcou diferentes gerações!

⚽ MODELO: Paris Saint-Germain Torcedor 2025 Home

💰 VALOR: R$ 145,00

✈️ FRETE INTERNACIONAL GRÁTIS PARA TODO BRASIL!!
- Se houver taxa alfandegária, será paga pelo cliente.

📏 TABELA DE MEDIDAS (Torcedor/Masculino)
| TAM | COMPR. | LARGURA | ALTURA  | PESO    |
| --- | ------ | ------- | ------- | ------- |
| P   | 69-71  | 53-55   | 162-170 | 50-62   |
| M   | 71-73  | 55-57   | 170-176 | 62-78   |
| G   | 73-75  | 57-59   | 176-182 | 78-83   |
| GG  | 75-78  | 58-60   | 182-190 | 83-90   |
| 2XL | 78-81  | 60-62   | 190-195 | 90-97   |
| 3XL | 81-83  | 62-64   | 192-197 | 97-104  |
| 4XL | 83-85  | 64-65   | 197-200 | 104-110 |

TAMANHOS EXTRAS
XXL e XXXL: + R$ 15,00
XXXXL: + R$ 25,00

PERSONALIZE SUA CAMISA!
Deixe seu manto ainda mais especial!
Nome + Número personalizados por apenas R$ 25,00.

ENVIO
Postagem em até 3 dias úteis após a confirmação do pagamento.
Código de rastreamento enviado após a postagem.

DÚVIDAS OU PEDIDOS ESPECIAIS?
Para personalização ou tamanho diferenciado, chame na nossa loja no WhatsApp: 21 97073-4956
","in stock","new","145.00 BRL","https://wa.me/5521970734956?text=Ol%C3%A1!%20Gostaria%20de%20comprar%20a%20Paris%20Saint-Germain%20Torcedor%202025%20Home%20por%20R%24%20145%2C00.","https://i.ibb.co/nM0dg94W/frente.jpg","https://i.ibb.co/ccxhLCCK/costas.jpg","Manto Mania"
"arsenal_retro_2002_home","Arsenal Retro 2002 Home","🔥 CAMISA RETRÔ ARSENAL 🔥
Vista a elegância e a tradição dos Gunners com um manto inesquecível!

⚽ MODELO: Arsenal Retro 2002 Home

💰 VALOR: R$ 175,00

✈️ FRETE INTERNACIONAL GRÁTIS PARA TODO BRASIL!!
- Se houver taxa alfandegária, será paga pelo cliente.

📏 TABELA DE MEDIDAS (Torcedor/Masculino)
| TAM | COMPR. | LARGURA | ALTURA  | PESO    |
| --- | ------ | ------- | ------- | ------- |
| P   | 69-71  | 53-55   | 162-170 | 50-62   |
| M   | 71-73  | 55-57   | 170-176 | 62-78   |
| G   | 73-75  | 57-59   | 176-182 | 78-83   |
| GG  | 75-78  | 58-60   | 182-190 | 83-90   |
| 2XL | 78-81  | 60-62   | 190-195 | 90-97   |
| 3XL | 81-83  | 62-64   | 192-197 | 97-104  |
| 4XL | 83-85  | 64-65   | 197-200 | 104-110 |

TAMANHOS EXTRAS
XXL e XXXL: + R$ 15,00
XXXXL: + R$ 25,00

PERSONALIZE SUA CAMISA!
Deixe seu manto ainda mais especial!
Nome + Número personalizados por apenas R$ 25,00.

ENVIO
Postagem em até 3 dias úteis após a confirmação do pagamento.
Código de rastreamento enviado após a postagem.

DÚVIDAS OU PEDIDOS ESPECIAIS?
Para personalização ou tamanho diferenciado, chame na nossa loja no WhatsApp: 21 97073-4956
","in stock","new","175.00 BRL","https://wa.me/5521970734956?text=Ol%C3%A1!%20Gostaria%20de%20comprar%20a%20Arsenal%20Retro%202002%20Home%20por%20R%24%20175%2C00.","https://i.ibb.co/3y5QL1Bm/frente.jpg","https://i.ibb.co/gF33Ps2r/costas.jpg","Manto Mania"
"arsenal_torcedor_1998","Arsenal Torcedor 1998","🔥 CAMISA RETRÔ ARSENAL 🔥
Vista a elegância e a tradição dos Gunners com um manto inesquecível!

⚽ MODELO: Arsenal Torcedor 1998

💰 VALOR: R$ 145,00

✈️ FRETE INTERNACIONAL GRÁTIS PARA TODO BRASIL!!
- Se houver taxa alfandegária, será paga pelo cliente.

📏 TABELA DE MEDIDAS (Torcedor/Masculino)
| TAM | COMPR. | LARGURA | ALTURA  | PESO    |
| --- | ------ | ------- | ------- | ------- |
| P   | 69-71  | 53-55   | 162-170 | 50-62   |
| M   | 71-73  | 55-57   | 170-176 | 62-78   |
| G   | 73-75  | 57-59   | 176-182 | 78-83   |
| GG  | 75-78  | 58-60   | 182-190 | 83-90   |
| 2XL | 78-81  | 60-62   | 190-195 | 90-97   |
| 3XL | 81-83  | 62-64   | 192-197 | 97-104  |
| 4XL | 83-85  | 64-65   | 197-200 | 104-110 |

TAMANHOS EXTRAS
XXL e XXXL: + R$ 15,00
XXXXL: + R$ 25,00

PERSONALIZE SUA CAMISA!
Deixe seu manto ainda mais especial!
Nome + Número personalizados por apenas R$ 25,00.

ENVIO
Postagem em até 3 dias úteis após a confirmação do pagamento.
Código de rastreamento enviado após a postagem.

DÚVIDAS OU PEDIDOS ESPECIAIS?
Para personalização ou tamanho diferenciado, chame na nossa loja no WhatsApp: 21 97073-4956
","in stock","new","145.00 BRL","https://wa.me/5521970734956?text=Ol%C3%A1!%20Gostaria%20de%20comprar%20a%20Arsenal%20Torcedor%201998%20por%20R%24%20145%2C00.","https://i.ibb.co/Dfr47C27/frente.jpg","https://i.ibb.co/zWghw6Q2/costas.jpg","Manto Mania"
"arsenal_torcedor_2002_home","Arsenal Torcedor 2002 Home","🔥 CAMISA RETRÔ ARSENAL 🔥
Vista a elegância e a tradição dos Gunners com um manto inesquecível!

⚽ MODELO: Arsenal Torcedor 2002 Home

💰 VALOR: R$ 145,00

✈️ FRETE INTERNACIONAL GRÁTIS PARA TODO BRASIL!!
- Se houver taxa alfandegária, será paga pelo cliente.

📏 TABELA DE MEDIDAS (Torcedor/Masculino)
| TAM | COMPR. | LARGURA | ALTURA  | PESO    |
| --- | ------ | ------- | ------- | ------- |
| P   | 69-71  | 53-55   | 162-170 | 50-62   |
| M   | 71-73  | 55-57   | 170-176 | 62-78   |
| G   | 73-75  | 57-59   | 176-182 | 78-83   |
| GG  | 75-78  | 58-60   | 182-190 | 83-90   |
| 2XL | 78-81  | 60-62   | 190-195 | 90-97   |
| 3XL | 81-83  | 62-64   | 192-197 | 97-104  |
| 4XL | 83-85  | 64-65   | 197-200 | 104-110 |

TAMANHOS EXTRAS
XXL e XXXL: + R$ 15,00
XXXXL: + R$ 25,00

PERSONALIZE SUA CAMISA!
Deixe seu manto ainda mais especial!
Nome + Número personalizados por apenas R$ 25,00.

ENVIO
Postagem em até 3 dias úteis após a confirmação do pagamento.
Código de rastreamento enviado após a postagem.

DÚVIDAS OU PEDIDOS ESPECIAIS?
Para personalização ou tamanho diferenciado, chame na nossa loja no WhatsApp: 21 97073-4956
","in stock","new","145.00 BRL","https://wa.me/5521970734956?text=Ol%C3%A1!%20Gostaria%20de%20comprar%20a%20Arsenal%20Torcedor%202002%20Home%20por%20R%24%20145%2C00.","https://i.ibb.co/fVsqMV9d/frente.jpg","https://i.ibb.co/WvG6qqmY/costas.jpg","Manto Mania"
"arsenal_torcedor_2004_home","Arsenal Torcedor 2004 Home","🔥 CAMISA RETRÔ ARSENAL 🔥
Vista a elegância e a tradição dos Gunners com um manto inesquecível!

⚽ MODELO: Arsenal Torcedor 2004 Home

💰 VALOR: R$ 145,00

✈️ FRETE INTERNACIONAL GRÁTIS PARA TODO BRASIL!!
- Se houver taxa alfandegária, será paga pelo cliente.

📏 TABELA DE MEDIDAS (Torcedor/Masculino)
| TAM | COMPR. | LARGURA | ALTURA  | PESO    |
| --- | ------ | ------- | ------- | ------- |
| P   | 69-71  | 53-55   | 162-170 | 50-62   |
| M   | 71-73  | 55-57   | 170-176 | 62-78   |
| G   | 73-75  | 57-59   | 176-182 | 78-83   |
| GG  | 75-78  | 58-60   | 182-190 | 83-90   |
| 2XL | 78-81  | 60-62   | 190-195 | 90-97   |
| 3XL | 81-83  | 62-64   | 192-197 | 97-104  |
| 4XL | 83-85  | 64-65   | 197-200 | 104-110 |

TAMANHOS EXTRAS
XXL e XXXL: + R$ 15,00
XXXXL: + R$ 25,00

PERSONALIZE SUA CAMISA!
Deixe seu manto ainda mais especial!
Nome + Número personalizados por apenas R$ 25,00.

ENVIO
Postagem em até 3 dias úteis após a confirmação do pagamento.
Código de rastreamento enviado após a postagem.

DÚVIDAS OU PEDIDOS ESPECIAIS?
Para personalização ou tamanho diferenciado, chame na nossa loja no WhatsApp: 21 97073-4956
","in stock","new","145.00 BRL","https://wa.me/5521970734956?text=Ol%C3%A1!%20Gostaria%20de%20comprar%20a%20Arsenal%20Torcedor%202004%20Home%20por%20R%24%20145%2C00.","https://i.ibb.co/8Lntk8Bg/frente.jpg","","Manto Mania"
"arsenal_torcedor_2005_home","Arsenal Torcedor 2005 Home","🔥 CAMISA RETRÔ ARSENAL 🔥
Vista a elegância e a tradição dos Gunners com um manto inesquecível!

⚽ MODELO: Arsenal Torcedor 2005 Home

💰 VALOR: R$ 145,00

✈️ FRETE INTERNACIONAL GRÁTIS PARA TODO BRASIL!!
- Se houver taxa alfandegária, será paga pelo cliente.

📏 TABELA DE MEDIDAS (Torcedor/Masculino)
| TAM | COMPR. | LARGURA | ALTURA  | PESO    |
| --- | ------ | ------- | ------- | ------- |
| P   | 69-71  | 53-55   | 162-170 | 50-62   |
| M   | 71-73  | 55-57   | 170-176 | 62-78   |
| G   | 73-75  | 57-59   | 176-182 | 78-83   |
| GG  | 75-78  | 58-60   | 182-190 | 83-90   |
| 2XL | 78-81  | 60-62   | 190-195 | 90-97   |
| 3XL | 81-83  | 62-64   | 192-197 | 97-104  |
| 4XL | 83-85  | 64-65   | 197-200 | 104-110 |

TAMANHOS EXTRAS
XXL e XXXL: + R$ 15,00
XXXXL: + R$ 25,00

PERSONALIZE SUA CAMISA!
Deixe seu manto ainda mais especial!
Nome + Número personalizados por apenas R$ 25,00.

ENVIO
Postagem em até 3 dias úteis após a confirmação do pagamento.
Código de rastreamento enviado após a postagem.

DÚVIDAS OU PEDIDOS ESPECIAIS?
Para personalização ou tamanho diferenciado, chame na nossa loja no WhatsApp: 21 97073-4956
","in stock","new","145.00 BRL","https://wa.me/5521970734956?text=Ol%C3%A1!%20Gostaria%20de%20comprar%20a%20Arsenal%20Torcedor%202005%20Home%20por%20R%24%20145%2C00.","https://i.ibb.co/n8PSqb6H/frente.jpg","","Manto Mania"
"arsenal_torcedor_2025_home","Arsenal Torcedor 2025 Home","🔥 CAMISA RETRÔ ARSENAL 🔥
Vista a elegância e a tradição dos Gunners com um manto inesquecível!

⚽ MODELO: Arsenal Torcedor 2025 Home

💰 VALOR: R$ 145,00

✈️ FRETE INTERNACIONAL GRÁTIS PARA TODO BRASIL!!
- Se houver taxa alfandegária, será paga pelo cliente.

📏 TABELA DE MEDIDAS (Torcedor/Masculino)
| TAM | COMPR. | LARGURA | ALTURA  | PESO    |
| --- | ------ | ------- | ------- | ------- |
| P   | 69-71  | 53-55   | 162-170 | 50-62   |
| M   | 71-73  | 55-57   | 170-176 | 62-78   |
| G   | 73-75  | 57-59   | 176-182 | 78-83   |
| GG  | 75-78  | 58-60   | 182-190 | 83-90   |
| 2XL | 78-81  | 60-62   | 190-195 | 90-97   |
| 3XL | 81-83  | 62-64   | 192-197 | 97-104  |
| 4XL | 83-85  | 64-65   | 197-200 | 104-110 |

TAMANHOS EXTRAS
XXL e XXXL: + R$ 15,00
XXXXL: + R$ 25,00

PERSONALIZE SUA CAMISA!
Deixe seu manto ainda mais especial!
Nome + Número personalizados por apenas R$ 25,00.

ENVIO
Postagem em até 3 dias úteis após a confirmação do pagamento.
Código de rastreamento enviado após a postagem.

DÚVIDAS OU PEDIDOS ESPECIAIS?
Para personalização ou tamanho diferenciado, chame na nossa loja no WhatsApp: 21 97073-4956
","in stock","new","145.00 BRL","https://wa.me/5521970734956?text=Ol%C3%A1!%20Gostaria%20de%20comprar%20a%20Arsenal%20Torcedor%202025%20Home%20por%20R%24%20145%2C00.","https://i.ibb.co/1tZfTFnH/frente.jpg","https://i.ibb.co/rGhTnhzd/costas.jpg","Manto Mania"
"botafogo_f_r_torcedor_1995","Botafogo F.R Torcedor 1995","🔥 CAMISA RETRÔ BOTAFOGO 🔥
Reviva a história do Glorioso com um dos mantos mais marcantes do futebol brasileiro!

⚽ MODELO: Botafogo F.R Torcedor 1995

💰 VALOR: R$ 145,00

✈️ FRETE INTERNACIONAL GRÁTIS PARA TODO BRASIL!!
- Se houver taxa alfandegária, será paga pelo cliente.

📏 TABELA DE MEDIDAS (Torcedor/Masculino)
| TAM | COMPR. | LARGURA | ALTURA  | PESO    |
| --- | ------ | ------- | ------- | ------- |
| P   | 69-71  | 53-55   | 162-170 | 50-62   |
| M   | 71-73  | 55-57   | 170-176 | 62-78   |
| G   | 73-75  | 57-59   | 176-182 | 78-83   |
| GG  | 75-78  | 58-60   | 182-190 | 83-90   |
| 2XL | 78-81  | 60-62   | 190-195 | 90-97   |
| 3XL | 81-83  | 62-64   | 192-197 | 97-104  |
| 4XL | 83-85  | 64-65   | 197-200 | 104-110 |

TAMANHOS EXTRAS
XXL e XXXL: + R$ 15,00
XXXXL: + R$ 25,00

PERSONALIZE SUA CAMISA!
Deixe seu manto ainda mais especial!
Nome + Número personalizados por apenas R$ 25,00.

ENVIO
Postagem em até 3 dias úteis após a confirmação do pagamento.
Código de rastreamento enviado após a postagem.

DÚVIDAS OU PEDIDOS ESPECIAIS?
Para personalização ou tamanho diferenciado, chame na nossa loja no WhatsApp: 21 97073-4956
","in stock","new","145.00 BRL","https://wa.me/5521970734956?text=Ol%C3%A1!%20Gostaria%20de%20comprar%20a%20Botafogo%20F.R%20Torcedor%201995%20por%20R%24%20145%2C00.","https://i.ibb.co/3mhg81N9/frente.jpg","https://i.ibb.co/GmgnXnT/costas.jpg","Manto Mania"
"c_r_flamengo_torcedor_2000_2001","C.R Flamengo Torcedor 2000-2001","🔥 CAMISA RETRÔ FLAMENGO 🔥
Reviva as maiores conquistas do Mengão com uma camisa que marcou gerações!

⚽ MODELO: C.R Flamengo Torcedor 2000-2001

💰 VALOR: R$ 145,00

✈️ FRETE INTERNACIONAL GRÁTIS PARA TODO BRASIL!!
- Se houver taxa alfandegária, será paga pelo cliente.

📏 TABELA DE MEDIDAS (Torcedor/Masculino)
| TAM | COMPR. | LARGURA | ALTURA  | PESO    |
| --- | ------ | ------- | ------- | ------- |
| P   | 69-71  | 53-55   | 162-170 | 50-62   |
| M   | 71-73  | 55-57   | 170-176 | 62-78   |
| G   | 73-75  | 57-59   | 176-182 | 78-83   |
| GG  | 75-78  | 58-60   | 182-190 | 83-90   |
| 2XL | 78-81  | 60-62   | 190-195 | 90-97   |
| 3XL | 81-83  | 62-64   | 192-197 | 97-104  |
| 4XL | 83-85  | 64-65   | 197-200 | 104-110 |

TAMANHOS EXTRAS
XXL e XXXL: + R$ 15,00
XXXXL: + R$ 25,00

PERSONALIZE SUA CAMISA!
Deixe seu manto ainda mais especial!
Nome + Número personalizados por apenas R$ 25,00.

ENVIO
Postagem em até 3 dias úteis após a confirmação do pagamento.
Código de rastreamento enviado após a postagem.

DÚVIDAS OU PEDIDOS ESPECIAIS?
Para personalização ou tamanho diferenciado, chame na nossa loja no WhatsApp: 21 97073-4956
","in stock","new","145.00 BRL","https://wa.me/5521970734956?text=Ol%C3%A1!%20Gostaria%20de%20comprar%20a%20C.R%20Flamengo%20Torcedor%202000-2001%20por%20R%24%20145%2C00.","https://i.ibb.co/bjw5mhBZ/frente.jpg","https://i.ibb.co/LXyPCC97/costas.jpg","Manto Mania"
"c_r_flamengo_torcedor_2023_2024","C.R Flamengo Torcedor 2023-2024","🔥 CAMISA RETRÔ FLAMENGO 🔥
Reviva as maiores conquistas do Mengão com uma camisa que marcou gerações!

⚽ MODELO: C.R Flamengo Torcedor 2023-2024

💰 VALOR: R$ 145,00

✈️ FRETE INTERNACIONAL GRÁTIS PARA TODO BRASIL!!
- Se houver taxa alfandegária, será paga pelo cliente.

📏 TABELA DE MEDIDAS (Torcedor/Masculino)
| TAM | COMPR. | LARGURA | ALTURA  | PESO    |
| --- | ------ | ------- | ------- | ------- |
| P   | 69-71  | 53-55   | 162-170 | 50-62   |
| M   | 71-73  | 55-57   | 170-176 | 62-78   |
| G   | 73-75  | 57-59   | 176-182 | 78-83   |
| GG  | 75-78  | 58-60   | 182-190 | 83-90   |
| 2XL | 78-81  | 60-62   | 190-195 | 90-97   |
| 3XL | 81-83  | 62-64   | 192-197 | 97-104  |
| 4XL | 83-85  | 64-65   | 197-200 | 104-110 |

TAMANHOS EXTRAS
XXL e XXXL: + R$ 15,00
XXXXL: + R$ 25,00

PERSONALIZE SUA CAMISA!
Deixe seu manto ainda mais especial!
Nome + Número personalizados por apenas R$ 25,00.

ENVIO
Postagem em até 3 dias úteis após a confirmação do pagamento.
Código de rastreamento enviado após a postagem.

DÚVIDAS OU PEDIDOS ESPECIAIS?
Para personalização ou tamanho diferenciado, chame na nossa loja no WhatsApp: 21 97073-4956
","in stock","new","145.00 BRL","https://wa.me/5521970734956?text=Ol%C3%A1!%20Gostaria%20de%20comprar%20a%20C.R%20Flamengo%20Torcedor%202023-2024%20por%20R%24%20145%2C00.","https://i.ibb.co/YBdqB7Fy/frente.jpg","","Manto Mania"
"corinthians_torcedor_2012","Corinthians Torcedor 2012","🔥 CAMISA RETRÔ CORINTHIANS 🔥
Demonstre sua paixão pelo Timão com um manto que atravessou gerações!

⚽ MODELO: Corinthians Torcedor 2012

💰 VALOR: R$ 145,00

✈️ FRETE INTERNACIONAL GRÁTIS PARA TODO BRASIL!!
- Se houver taxa alfandegária, será paga pelo cliente.

📏 TABELA DE MEDIDAS (Torcedor/Masculino)
| TAM | COMPR. | LARGURA | ALTURA  | PESO    |
| --- | ------ | ------- | ------- | ------- |
| P   | 69-71  | 53-55   | 162-170 | 50-62   |
| M   | 71-73  | 55-57   | 170-176 | 62-78   |
| G   | 73-75  | 57-59   | 176-182 | 78-83   |
| GG  | 75-78  | 58-60   | 182-190 | 83-90   |
| 2XL | 78-81  | 60-62   | 190-195 | 90-97   |
| 3XL | 81-83  | 62-64   | 192-197 | 97-104  |
| 4XL | 83-85  | 64-65   | 197-200 | 104-110 |

TAMANHOS EXTRAS
XXL e XXXL: + R$ 15,00
XXXXL: + R$ 25,00

PERSONALIZE SUA CAMISA!
Deixe seu manto ainda mais especial!
Nome + Número personalizados por apenas R$ 25,00.

ENVIO
Postagem em até 3 dias úteis após a confirmação do pagamento.
Código de rastreamento enviado após a postagem.

DÚVIDAS OU PEDIDOS ESPECIAIS?
Para personalização ou tamanho diferenciado, chame na nossa loja no WhatsApp: 21 97073-4956
","in stock","new","145.00 BRL","https://wa.me/5521970734956?text=Ol%C3%A1!%20Gostaria%20de%20comprar%20a%20Corinthians%20Torcedor%202012%20por%20R%24%20145%2C00.","https://i.ibb.co/Xr2TH2DX/frente.jpg","https://i.ibb.co/0Srd37V/costas.jpg","Manto Mania"
"fluminense_f_c_feminina_2022","Fluminense F.C Feminina 2022","🔥 CAMISA RETRÔ FLUMINENSE 🔥
Um manto inesquecível para quem honra a tradição do Tricolor das Laranjeiras!

⚽ MODELO: Fluminense F.C Feminina 2022

💰 VALOR: R$ 150,00

✈️ FRETE INTERNACIONAL GRÁTIS PARA TODO BRASIL!!
- Se houver taxa alfandegária, será paga pelo cliente.

📏 TABELA DE MEDIDAS (Feminina)
| TAM | COMPR. | BUSTO | ALTURA  | PESO |
| --- | ------ | ----- | ------- | ---- |
| P   | 61-63  | 40-41 | 150-160 | -    |
| M   | 63-66  | 41-44 | 160-165 | -    |
| G   | 66-69  | 44-47 | 165-170 | -    |
| GG  | 69-71  | 47-50 | 170-175 | -    |

TAMANHOS EXTRAS
XXL e XXXL: + R$ 15,00
XXXXL: + R$ 25,00

PERSONALIZE SUA CAMISA!
Deixe seu manto ainda mais especial!
Nome + Número personalizados por apenas R$ 25,00.

ENVIO
Postagem em até 3 dias úteis após a confirmação do pagamento.
Código de rastreamento enviado após a postagem.

DÚVIDAS OU PEDIDOS ESPECIAIS?
Para personalização ou tamanho diferenciado, chame na nossa loja no WhatsApp: 21 97073-4956
","in stock","new","150.00 BRL","https://wa.me/5521970734956?text=Ol%C3%A1!%20Gostaria%20de%20comprar%20a%20Fluminense%20F.C%20Feminina%202022%20por%20R%24%20150%2C00.","https://i.ibb.co/HLyZWr7P/frente.jpg","https://i.ibb.co/WW2SMkVr/costas.jpg","Manto Mania"
"fluminense_f_c_feminina_2024","Fluminense F.C Feminina 2024","🔥 CAMISA RETRÔ FLUMINENSE 🔥
Um manto inesquecível para quem honra a tradição do Tricolor das Laranjeiras!

⚽ MODELO: Fluminense F.C Feminina 2024

💰 VALOR: R$ 150,00

✈️ FRETE INTERNACIONAL GRÁTIS PARA TODO BRASIL!!
- Se houver taxa alfandegária, será paga pelo cliente.

📏 TABELA DE MEDIDAS (Feminina)
| TAM | COMPR. | BUSTO | ALTURA  | PESO |
| --- | ------ | ----- | ------- | ---- |
| P   | 61-63  | 40-41 | 150-160 | -    |
| M   | 63-66  | 41-44 | 160-165 | -    |
| G   | 66-69  | 44-47 | 165-170 | -    |
| GG  | 69-71  | 47-50 | 170-175 | -    |

TAMANHOS EXTRAS
XXL e XXXL: + R$ 15,00
XXXXL: + R$ 25,00

PERSONALIZE SUA CAMISA!
Deixe seu manto ainda mais especial!
Nome + Número personalizados por apenas R$ 25,00.

ENVIO
Postagem em até 3 dias úteis após a confirmação do pagamento.
Código de rastreamento enviado após a postagem.

DÚVIDAS OU PEDIDOS ESPECIAIS?
Para personalização ou tamanho diferenciado, chame na nossa loja no WhatsApp: 21 97073-4956
","in stock","new","150.00 BRL","https://wa.me/5521970734956?text=Ol%C3%A1!%20Gostaria%20de%20comprar%20a%20Fluminense%20F.C%20Feminina%202024%20por%20R%24%20150%2C00.","https://i.ibb.co/MDZcdsRn/frente.jpg","","Manto Mania"
"fluminense_f_c_retro_2012_third","Fluminense F.C Retro 2012 Third","🔥 CAMISA RETRÔ FLUMINENSE 🔥
Um manto inesquecível para quem honra a tradição do Tricolor das Laranjeiras!

⚽ MODELO: Fluminense F.C Retro 2012 Third

💰 VALOR: R$ 175,00

✈️ FRETE INTERNACIONAL GRÁTIS PARA TODO BRASIL!!
- Se houver taxa alfandegária, será paga pelo cliente.

📏 TABELA DE MEDIDAS (Torcedor/Masculino)
| TAM | COMPR. | LARGURA | ALTURA  | PESO    |
| --- | ------ | ------- | ------- | ------- |
| P   | 69-71  | 53-55   | 162-170 | 50-62   |
| M   | 71-73  | 55-57   | 170-176 | 62-78   |
| G   | 73-75  | 57-59   | 176-182 | 78-83   |
| GG  | 75-78  | 58-60   | 182-190 | 83-90   |
| 2XL | 78-81  | 60-62   | 190-195 | 90-97   |
| 3XL | 81-83  | 62-64   | 192-197 | 97-104  |
| 4XL | 83-85  | 64-65   | 197-200 | 104-110 |

TAMANHOS EXTRAS
XXL e XXXL: + R$ 15,00
XXXXL: + R$ 25,00

PERSONALIZE SUA CAMISA!
Deixe seu manto ainda mais especial!
Nome + Número personalizados por apenas R$ 25,00.

ENVIO
Postagem em até 3 dias úteis após a confirmação do pagamento.
Código de rastreamento enviado após a postagem.

DÚVIDAS OU PEDIDOS ESPECIAIS?
Para personalização ou tamanho diferenciado, chame na nossa loja no WhatsApp: 21 97073-4956
","in stock","new","175.00 BRL","https://wa.me/5521970734956?text=Ol%C3%A1!%20Gostaria%20de%20comprar%20a%20Fluminense%20F.C%20Retro%202012%20Third%20por%20R%24%20175%2C00.","https://i.ibb.co/fz8qL31N/frente.jpg","https://i.ibb.co/Wvq8zf7L/costas.jpg","Manto Mania"
"fluminense_f_c_torcedor_2003","Fluminense F.C Torcedor 2003","🔥 CAMISA RETRÔ FLUMINENSE 🔥
Um manto inesquecível para quem honra a tradição do Tricolor das Laranjeiras!

⚽ MODELO: Fluminense F.C Torcedor 2003

💰 VALOR: R$ 145,00

✈️ FRETE INTERNACIONAL GRÁTIS PARA TODO BRASIL!!
- Se houver taxa alfandegária, será paga pelo cliente.

📏 TABELA DE MEDIDAS (Torcedor/Masculino)
| TAM | COMPR. | LARGURA | ALTURA  | PESO    |
| --- | ------ | ------- | ------- | ------- |
| P   | 69-71  | 53-55   | 162-170 | 50-62   |
| M   | 71-73  | 55-57   | 170-176 | 62-78   |
| G   | 73-75  | 57-59   | 176-182 | 78-83   |
| GG  | 75-78  | 58-60   | 182-190 | 83-90   |
| 2XL | 78-81  | 60-62   | 190-195 | 90-97   |
| 3XL | 81-83  | 62-64   | 192-197 | 97-104  |
| 4XL | 83-85  | 64-65   | 197-200 | 104-110 |

TAMANHOS EXTRAS
XXL e XXXL: + R$ 15,00
XXXXL: + R$ 25,00

PERSONALIZE SUA CAMISA!
Deixe seu manto ainda mais especial!
Nome + Número personalizados por apenas R$ 25,00.

ENVIO
Postagem em até 3 dias úteis após a confirmação do pagamento.
Código de rastreamento enviado após a postagem.

DÚVIDAS OU PEDIDOS ESPECIAIS?
Para personalização ou tamanho diferenciado, chame na nossa loja no WhatsApp: 21 97073-4956
","in stock","new","145.00 BRL","https://wa.me/5521970734956?text=Ol%C3%A1!%20Gostaria%20de%20comprar%20a%20Fluminense%20F.C%20Torcedor%202003%20por%20R%24%20145%2C00.","https://i.ibb.co/C593X3GS/frente.jpg","https://i.ibb.co/LXdK1Cbd/costas.jpg","Manto Mania"
"fluminense_f_c_torcedor_2012","Fluminense F.C Torcedor 2012","🔥 CAMISA RETRÔ FLUMINENSE 🔥
Um manto inesquecível para quem honra a tradição do Tricolor das Laranjeiras!

⚽ MODELO: Fluminense F.C Torcedor 2012

💰 VALOR: R$ 145,00

✈️ FRETE INTERNACIONAL GRÁTIS PARA TODO BRASIL!!
- Se houver taxa alfandegária, será paga pelo cliente.

📏 TABELA DE MEDIDAS (Torcedor/Masculino)
| TAM | COMPR. | LARGURA | ALTURA  | PESO    |
| --- | ------ | ------- | ------- | ------- |
| P   | 69-71  | 53-55   | 162-170 | 50-62   |
| M   | 71-73  | 55-57   | 170-176 | 62-78   |
| G   | 73-75  | 57-59   | 176-182 | 78-83   |
| GG  | 75-78  | 58-60   | 182-190 | 83-90   |
| 2XL | 78-81  | 60-62   | 190-195 | 90-97   |
| 3XL | 81-83  | 62-64   | 192-197 | 97-104  |
| 4XL | 83-85  | 64-65   | 197-200 | 104-110 |

TAMANHOS EXTRAS
XXL e XXXL: + R$ 15,00
XXXXL: + R$ 25,00

PERSONALIZE SUA CAMISA!
Deixe seu manto ainda mais especial!
Nome + Número personalizados por apenas R$ 25,00.

ENVIO
Postagem em até 3 dias úteis após a confirmação do pagamento.
Código de rastreamento enviado após a postagem.

DÚVIDAS OU PEDIDOS ESPECIAIS?
Para personalização ou tamanho diferenciado, chame na nossa loja no WhatsApp: 21 97073-4956
","in stock","new","145.00 BRL","https://wa.me/5521970734956?text=Ol%C3%A1!%20Gostaria%20de%20comprar%20a%20Fluminense%20F.C%20Torcedor%202012%20por%20R%24%20145%2C00.","https://i.ibb.co/fz8qL31N/frente.jpg","https://i.ibb.co/Wvq8zf7L/costas.jpg","Manto Mania"
"fluminense_f_c_torcedor_2014","Fluminense F.C Torcedor 2014","🔥 CAMISA RETRÔ FLUMINENSE 🔥
Um manto inesquecível para quem honra a tradição do Tricolor das Laranjeiras!

⚽ MODELO: Fluminense F.C Torcedor 2014

💰 VALOR: R$ 145,00

✈️ FRETE INTERNACIONAL GRÁTIS PARA TODO BRASIL!!
- Se houver taxa alfandegária, será paga pelo cliente.

📏 TABELA DE MEDIDAS (Torcedor/Masculino)
| TAM | COMPR. | LARGURA | ALTURA  | PESO    |
| --- | ------ | ------- | ------- | ------- |
| P   | 69-71  | 53-55   | 162-170 | 50-62   |
| M   | 71-73  | 55-57   | 170-176 | 62-78   |
| G   | 73-75  | 57-59   | 176-182 | 78-83   |
| GG  | 75-78  | 58-60   | 182-190 | 83-90   |
| 2XL | 78-81  | 60-62   | 190-195 | 90-97   |
| 3XL | 81-83  | 62-64   | 192-197 | 97-104  |
| 4XL | 83-85  | 64-65   | 197-200 | 104-110 |

TAMANHOS EXTRAS
XXL e XXXL: + R$ 15,00
XXXXL: + R$ 25,00

PERSONALIZE SUA CAMISA!
Deixe seu manto ainda mais especial!
Nome + Número personalizados por apenas R$ 25,00.

ENVIO
Postagem em até 3 dias úteis após a confirmação do pagamento.
Código de rastreamento enviado após a postagem.

DÚVIDAS OU PEDIDOS ESPECIAIS?
Para personalização ou tamanho diferenciado, chame na nossa loja no WhatsApp: 21 97073-4956
","in stock","new","145.00 BRL","https://wa.me/5521970734956?text=Ol%C3%A1!%20Gostaria%20de%20comprar%20a%20Fluminense%20F.C%20Torcedor%202014%20por%20R%24%20145%2C00.","https://i.ibb.co/nMsBwBFh/frente.jpg","","Manto Mania"
"fluminense_f_c_torcedor_2022_2023","Fluminense F.C Torcedor 2022-2023","🔥 CAMISA RETRÔ FLUMINENSE 🔥
Um manto inesquecível para quem honra a tradição do Tricolor das Laranjeiras!

⚽ MODELO: Fluminense F.C Torcedor 2022-2023

💰 VALOR: R$ 145,00

✈️ FRETE INTERNACIONAL GRÁTIS PARA TODO BRASIL!!
- Se houver taxa alfandegária, será paga pelo cliente.

📏 TABELA DE MEDIDAS (Torcedor/Masculino)
| TAM | COMPR. | LARGURA | ALTURA  | PESO    |
| --- | ------ | ------- | ------- | ------- |
| P   | 69-71  | 53-55   | 162-170 | 50-62   |
| M   | 71-73  | 55-57   | 170-176 | 62-78   |
| G   | 73-75  | 57-59   | 176-182 | 78-83   |
| GG  | 75-78  | 58-60   | 182-190 | 83-90   |
| 2XL | 78-81  | 60-62   | 190-195 | 90-97   |
| 3XL | 81-83  | 62-64   | 192-197 | 97-104  |
| 4XL | 83-85  | 64-65   | 197-200 | 104-110 |

TAMANHOS EXTRAS
XXL e XXXL: + R$ 15,00
XXXXL: + R$ 25,00

PERSONALIZE SUA CAMISA!
Deixe seu manto ainda mais especial!
Nome + Número personalizados por apenas R$ 25,00.

ENVIO
Postagem em até 3 dias úteis após a confirmação do pagamento.
Código de rastreamento enviado após a postagem.

DÚVIDAS OU PEDIDOS ESPECIAIS?
Para personalização ou tamanho diferenciado, chame na nossa loja no WhatsApp: 21 97073-4956
","in stock","new","145.00 BRL","https://wa.me/5521970734956?text=Ol%C3%A1!%20Gostaria%20de%20comprar%20a%20Fluminense%20F.C%20Torcedor%202022-2023%20por%20R%24%20145%2C00.","https://i.ibb.co/Fk4wDSYc/frente.jpg","https://i.ibb.co/zWvbmbWX/costas.jpg","Manto Mania"
"vasco_da_gama_feminina_2022_2023","Vasco da Gama Feminina 2022-2023","🔥 CAMISA RETRÔ VASCO DA GAMA 🔥
Vista a tradição do Gigante da Colina com um manto que fez história!

⚽ MODELO: Vasco da Gama Feminina 2022-2023

💰 VALOR: R$ 150,00

✈️ FRETE INTERNACIONAL GRÁTIS PARA TODO BRASIL!!
- Se houver taxa alfandegária, será paga pelo cliente.

📏 TABELA DE MEDIDAS (Feminina)
| TAM | COMPR. | BUSTO | ALTURA  | PESO |
| --- | ------ | ----- | ------- | ---- |
| P   | 61-63  | 40-41 | 150-160 | -    |
| M   | 63-66  | 41-44 | 160-165 | -    |
| G   | 66-69  | 44-47 | 165-170 | -    |
| GG  | 69-71  | 47-50 | 170-175 | -    |

TAMANHOS EXTRAS
XXL e XXXL: + R$ 15,00
XXXXL: + R$ 25,00

PERSONALIZE SUA CAMISA!
Deixe seu manto ainda mais especial!
Nome + Número personalizados por apenas R$ 25,00.

ENVIO
Postagem em até 3 dias úteis após a confirmação do pagamento.
Código de rastreamento enviado após a postagem.

DÚVIDAS OU PEDIDOS ESPECIAIS?
Para personalização ou tamanho diferenciado, chame na nossa loja no WhatsApp: 21 97073-4956
","in stock","new","150.00 BRL","https://wa.me/5521970734956?text=Ol%C3%A1!%20Gostaria%20de%20comprar%20a%20Vasco%20da%20Gama%20Feminina%202022-2023%20por%20R%24%20150%2C00.","https://i.ibb.co/B2sShCJn/frente.jpg","https://i.ibb.co/kV6v70VD/costas.jpg","Manto Mania"
"vasco_da_gama_feminina_2022_2023_black","Vasco da Gama Feminina 2022-2023 Black","🔥 CAMISA RETRÔ VASCO DA GAMA 🔥
Vista a tradição do Gigante da Colina com um manto que fez história!

⚽ MODELO: Vasco da Gama Feminina 2022-2023 Black

💰 VALOR: R$ 150,00

✈️ FRETE INTERNACIONAL GRÁTIS PARA TODO BRASIL!!
- Se houver taxa alfandegária, será paga pelo cliente.

📏 TABELA DE MEDIDAS (Feminina)
| TAM | COMPR. | BUSTO | ALTURA  | PESO |
| --- | ------ | ----- | ------- | ---- |
| P   | 61-63  | 40-41 | 150-160 | -    |
| M   | 63-66  | 41-44 | 160-165 | -    |
| G   | 66-69  | 44-47 | 165-170 | -    |
| GG  | 69-71  | 47-50 | 170-175 | -    |

TAMANHOS EXTRAS
XXL e XXXL: + R$ 15,00
XXXXL: + R$ 25,00

PERSONALIZE SUA CAMISA!
Deixe seu manto ainda mais especial!
Nome + Número personalizados por apenas R$ 25,00.

ENVIO
Postagem em até 3 dias úteis após a confirmação do pagamento.
Código de rastreamento enviado após a postagem.

DÚVIDAS OU PEDIDOS ESPECIAIS?
Para personalização ou tamanho diferenciado, chame na nossa loja no WhatsApp: 21 97073-4956
","in stock","new","150.00 BRL","https://wa.me/5521970734956?text=Ol%C3%A1!%20Gostaria%20de%20comprar%20a%20Vasco%20da%20Gama%20Feminina%202022-2023%20Black%20por%20R%24%20150%2C00.","https://i.ibb.co/B2sShCJn/frente.jpg","https://i.ibb.co/kV6v70VD/costas.jpg","Manto Mania"
"vasco_da_gama_feminina_2022_2023_red","Vasco da Gama Feminina 2022-2023 Red","🔥 CAMISA RETRÔ VASCO DA GAMA 🔥
Vista a tradição do Gigante da Colina com um manto que fez história!

⚽ MODELO: Vasco da Gama Feminina 2022-2023 Red

💰 VALOR: R$ 150,00

✈️ FRETE INTERNACIONAL GRÁTIS PARA TODO BRASIL!!
- Se houver taxa alfandegária, será paga pelo cliente.

📏 TABELA DE MEDIDAS (Feminina)
| TAM | COMPR. | BUSTO | ALTURA  | PESO |
| --- | ------ | ----- | ------- | ---- |
| P   | 61-63  | 40-41 | 150-160 | -    |
| M   | 63-66  | 41-44 | 160-165 | -    |
| G   | 66-69  | 44-47 | 165-170 | -    |
| GG  | 69-71  | 47-50 | 170-175 | -    |

TAMANHOS EXTRAS
XXL e XXXL: + R$ 15,00
XXXXL: + R$ 25,00

PERSONALIZE SUA CAMISA!
Deixe seu manto ainda mais especial!
Nome + Número personalizados por apenas R$ 25,00.

ENVIO
Postagem em até 3 dias úteis após a confirmação do pagamento.
Código de rastreamento enviado após a postagem.

DÚVIDAS OU PEDIDOS ESPECIAIS?
Para personalização ou tamanho diferenciado, chame na nossa loja no WhatsApp: 21 97073-4956
","in stock","new","150.00 BRL","https://wa.me/5521970734956?text=Ol%C3%A1!%20Gostaria%20de%20comprar%20a%20Vasco%20da%20Gama%20Feminina%202022-2023%20Red%20por%20R%24%20150%2C00.","https://i.ibb.co/WN8gqN7z/frente.jpg","https://i.ibb.co/wFS3fjx9/costas.jpg","Manto Mania"
"vasco_da_gama_feminina_2023_2024","Vasco da Gama Feminina 2023-2024","🔥 CAMISA RETRÔ VASCO DA GAMA 🔥
Vista a tradição do Gigante da Colina com um manto que fez história!

⚽ MODELO: Vasco da Gama Feminina 2023-2024

💰 VALOR: R$ 150,00

✈️ FRETE INTERNACIONAL GRÁTIS PARA TODO BRASIL!!
- Se houver taxa alfandegária, será paga pelo cliente.

📏 TABELA DE MEDIDAS (Feminina)
| TAM | COMPR. | BUSTO | ALTURA  | PESO |
| --- | ------ | ----- | ------- | ---- |
| P   | 61-63  | 40-41 | 150-160 | -    |
| M   | 63-66  | 41-44 | 160-165 | -    |
| G   | 66-69  | 44-47 | 165-170 | -    |
| GG  | 69-71  | 47-50 | 170-175 | -    |

TAMANHOS EXTRAS
XXL e XXXL: + R$ 15,00
XXXXL: + R$ 25,00

PERSONALIZE SUA CAMISA!
Deixe seu manto ainda mais especial!
Nome + Número personalizados por apenas R$ 25,00.

ENVIO
Postagem em até 3 dias úteis após a confirmação do pagamento.
Código de rastreamento enviado após a postagem.

DÚVIDAS OU PEDIDOS ESPECIAIS?
Para personalização ou tamanho diferenciado, chame na nossa loja no WhatsApp: 21 97073-4956
","in stock","new","150.00 BRL","https://wa.me/5521970734956?text=Ol%C3%A1!%20Gostaria%20de%20comprar%20a%20Vasco%20da%20Gama%20Feminina%202023-2024%20por%20R%24%20150%2C00.","https://i.ibb.co/d4xNXxzG/frente.jpg","https://i.ibb.co/h1H9mLxS/costas.jpg","Manto Mania"
"vasco_da_gama_feminina_2023_2024_away_third","Vasco da Gama Feminina 2023-2024 Away Third","🔥 CAMISA RETRÔ VASCO DA GAMA 🔥
Vista a tradição do Gigante da Colina com um manto que fez história!

⚽ MODELO: Vasco da Gama Feminina 2023-2024 Away Third

💰 VALOR: R$ 150,00

✈️ FRETE INTERNACIONAL GRÁTIS PARA TODO BRASIL!!
- Se houver taxa alfandegária, será paga pelo cliente.

📏 TABELA DE MEDIDAS (Feminina)
| TAM | COMPR. | BUSTO | ALTURA  | PESO |
| --- | ------ | ----- | ------- | ---- |
| P   | 61-63  | 40-41 | 150-160 | -    |
| M   | 63-66  | 41-44 | 160-165 | -    |
| G   | 66-69  | 44-47 | 165-170 | -    |
| GG  | 69-71  | 47-50 | 170-175 | -    |

TAMANHOS EXTRAS
XXL e XXXL: + R$ 15,00
XXXXL: + R$ 25,00

PERSONALIZE SUA CAMISA!
Deixe seu manto ainda mais especial!
Nome + Número personalizados por apenas R$ 25,00.

ENVIO
Postagem em até 3 dias úteis após a confirmação do pagamento.
Código de rastreamento enviado após a postagem.

DÚVIDAS OU PEDIDOS ESPECIAIS?
Para personalização ou tamanho diferenciado, chame na nossa loja no WhatsApp: 21 97073-4956
","in stock","new","150.00 BRL","https://wa.me/5521970734956?text=Ol%C3%A1!%20Gostaria%20de%20comprar%20a%20Vasco%20da%20Gama%20Feminina%202023-2024%20Away%20Third%20por%20R%24%20150%2C00.","https://i.ibb.co/d4xNXxzG/frente.jpg","https://i.ibb.co/h1H9mLxS/costas.jpg","Manto Mania"
"vasco_da_gama_torcedor_1988","Vasco da Gama Torcedor 1988","🔥 CAMISA RETRÔ VASCO DA GAMA 🔥
Vista a tradição do Gigante da Colina com um manto que fez história!

⚽ MODELO: Vasco da Gama Torcedor 1988

💰 VALOR: R$ 145,00

✈️ FRETE INTERNACIONAL GRÁTIS PARA TODO BRASIL!!
- Se houver taxa alfandegária, será paga pelo cliente.

📏 TABELA DE MEDIDAS (Torcedor/Masculino)
| TAM | COMPR. | LARGURA | ALTURA  | PESO    |
| --- | ------ | ------- | ------- | ------- |
| P   | 69-71  | 53-55   | 162-170 | 50-62   |
| M   | 71-73  | 55-57   | 170-176 | 62-78   |
| G   | 73-75  | 57-59   | 176-182 | 78-83   |
| GG  | 75-78  | 58-60   | 182-190 | 83-90   |
| 2XL | 78-81  | 60-62   | 190-195 | 90-97   |
| 3XL | 81-83  | 62-64   | 192-197 | 97-104  |
| 4XL | 83-85  | 64-65   | 197-200 | 104-110 |

TAMANHOS EXTRAS
XXL e XXXL: + R$ 15,00
XXXXL: + R$ 25,00

PERSONALIZE SUA CAMISA!
Deixe seu manto ainda mais especial!
Nome + Número personalizados por apenas R$ 25,00.

ENVIO
Postagem em até 3 dias úteis após a confirmação do pagamento.
Código de rastreamento enviado após a postagem.

DÚVIDAS OU PEDIDOS ESPECIAIS?
Para personalização ou tamanho diferenciado, chame na nossa loja no WhatsApp: 21 97073-4956
","in stock","new","145.00 BRL","https://wa.me/5521970734956?text=Ol%C3%A1!%20Gostaria%20de%20comprar%20a%20Vasco%20da%20Gama%20Torcedor%201988%20por%20R%24%20145%2C00.","https://i.ibb.co/JjT31GH5/frente.jpg","https://i.ibb.co/Jw2KMVXp/costas.jpg","Manto Mania"
"vasco_da_gama_torcedor_2022_2023","Vasco da Gama Torcedor 2022-2023","🔥 CAMISA RETRÔ VASCO DA GAMA 🔥
Vista a tradição do Gigante da Colina com um manto que fez história!

⚽ MODELO: Vasco da Gama Torcedor 2022-2023

💰 VALOR: R$ 145,00

✈️ FRETE INTERNACIONAL GRÁTIS PARA TODO BRASIL!!
- Se houver taxa alfandegária, será paga pelo cliente.

📏 TABELA DE MEDIDAS (Torcedor/Masculino)
| TAM | COMPR. | LARGURA | ALTURA  | PESO    |
| --- | ------ | ------- | ------- | ------- |
| P   | 69-71  | 53-55   | 162-170 | 50-62   |
| M   | 71-73  | 55-57   | 170-176 | 62-78   |
| G   | 73-75  | 57-59   | 176-182 | 78-83   |
| GG  | 75-78  | 58-60   | 182-190 | 83-90   |
| 2XL | 78-81  | 60-62   | 190-195 | 90-97   |
| 3XL | 81-83  | 62-64   | 192-197 | 97-104  |
| 4XL | 83-85  | 64-65   | 197-200 | 104-110 |

TAMANHOS EXTRAS
XXL e XXXL: + R$ 15,00
XXXXL: + R$ 25,00

PERSONALIZE SUA CAMISA!
Deixe seu manto ainda mais especial!
Nome + Número personalizados por apenas R$ 25,00.

ENVIO
Postagem em até 3 dias úteis após a confirmação do pagamento.
Código de rastreamento enviado após a postagem.

DÚVIDAS OU PEDIDOS ESPECIAIS?
Para personalização ou tamanho diferenciado, chame na nossa loja no WhatsApp: 21 97073-4956
","in stock","new","145.00 BRL","https://wa.me/5521970734956?text=Ol%C3%A1!%20Gostaria%20de%20comprar%20a%20Vasco%20da%20Gama%20Torcedor%202022-2023%20por%20R%24%20145%2C00.","https://i.ibb.co/bMpQrN7v/frente.jpg","https://i.ibb.co/r2ptrTxR/costas.jpg","Manto Mania"
"vasco_da_gama_torcedor_2022_2023_away_third","Vasco da Gama Torcedor 2022-2023 Away Third","🔥 CAMISA RETRÔ VASCO DA GAMA 🔥
Vista a tradição do Gigante da Colina com um manto que fez história!

⚽ MODELO: Vasco da Gama Torcedor 2022-2023 Away Third

💰 VALOR: R$ 145,00

✈️ FRETE INTERNACIONAL GRÁTIS PARA TODO BRASIL!!
- Se houver taxa alfandegária, será paga pelo cliente.

📏 TABELA DE MEDIDAS (Torcedor/Masculino)
| TAM | COMPR. | LARGURA | ALTURA  | PESO    |
| --- | ------ | ------- | ------- | ------- |
| P   | 69-71  | 53-55   | 162-170 | 50-62   |
| M   | 71-73  | 55-57   | 170-176 | 62-78   |
| G   | 73-75  | 57-59   | 176-182 | 78-83   |
| GG  | 75-78  | 58-60   | 182-190 | 83-90   |
| 2XL | 78-81  | 60-62   | 190-195 | 90-97   |
| 3XL | 81-83  | 62-64   | 192-197 | 97-104  |
| 4XL | 83-85  | 64-65   | 197-200 | 104-110 |

TAMANHOS EXTRAS
XXL e XXXL: + R$ 15,00
XXXXL: + R$ 25,00

PERSONALIZE SUA CAMISA!
Deixe seu manto ainda mais especial!
Nome + Número personalizados por apenas R$ 25,00.

ENVIO
Postagem em até 3 dias úteis após a confirmação do pagamento.
Código de rastreamento enviado após a postagem.

DÚVIDAS OU PEDIDOS ESPECIAIS?
Para personalização ou tamanho diferenciado, chame na nossa loja no WhatsApp: 21 97073-4956
","in stock","new","145.00 BRL","https://wa.me/5521970734956?text=Ol%C3%A1!%20Gostaria%20de%20comprar%20a%20Vasco%20da%20Gama%20Torcedor%202022-2023%20Away%20Third%20por%20R%24%20145%2C00.","https://i.ibb.co/bMpQrN7v/frente.jpg","https://i.ibb.co/r2ptrTxR/costas.jpg","Manto Mania"
"vasco_da_gama_torcedor_2023_2024","Vasco da Gama Torcedor 2023-2024","🔥 CAMISA RETRÔ VASCO DA GAMA 🔥
Vista a tradição do Gigante da Colina com um manto que fez história!

⚽ MODELO: Vasco da Gama Torcedor 2023-2024

💰 VALOR: R$ 145,00

✈️ FRETE INTERNACIONAL GRÁTIS PARA TODO BRASIL!!
- Se houver taxa alfandegária, será paga pelo cliente.

📏 TABELA DE MEDIDAS (Torcedor/Masculino)
| TAM | COMPR. | LARGURA | ALTURA  | PESO    |
| --- | ------ | ------- | ------- | ------- |
| P   | 69-71  | 53-55   | 162-170 | 50-62   |
| M   | 71-73  | 55-57   | 170-176 | 62-78   |
| G   | 73-75  | 57-59   | 176-182 | 78-83   |
| GG  | 75-78  | 58-60   | 182-190 | 83-90   |
| 2XL | 78-81  | 60-62   | 190-195 | 90-97   |
| 3XL | 81-83  | 62-64   | 192-197 | 97-104  |
| 4XL | 83-85  | 64-65   | 197-200 | 104-110 |

TAMANHOS EXTRAS
XXL e XXXL: + R$ 15,00
XXXXL: + R$ 25,00

PERSONALIZE SUA CAMISA!
Deixe seu manto ainda mais especial!
Nome + Número personalizados por apenas R$ 25,00.

ENVIO
Postagem em até 3 dias úteis após a confirmação do pagamento.
Código de rastreamento enviado após a postagem.

DÚVIDAS OU PEDIDOS ESPECIAIS?
Para personalização ou tamanho diferenciado, chame na nossa loja no WhatsApp: 21 97073-4956
","in stock","new","145.00 BRL","https://wa.me/5521970734956?text=Ol%C3%A1!%20Gostaria%20de%20comprar%20a%20Vasco%20da%20Gama%20Torcedor%202023-2024%20por%20R%24%20145%2C00.","https://i.ibb.co/4nvxPJ01/frente.jpg","https://i.ibb.co/Y7mWPRRn/costas.jpg","Manto Mania"
"vasco_da_gama_torcedor_2023_2024_away_third","Vasco da Gama Torcedor 2023-2024 Away Third","🔥 CAMISA RETRÔ VASCO DA GAMA 🔥
Vista a tradição do Gigante da Colina com um manto que fez história!

⚽ MODELO: Vasco da Gama Torcedor 2023-2024 Away Third

💰 VALOR: R$ 145,00

✈️ FRETE INTERNACIONAL GRÁTIS PARA TODO BRASIL!!
- Se houver taxa alfandegária, será paga pelo cliente.

📏 TABELA DE MEDIDAS (Torcedor/Masculino)
| TAM | COMPR. | LARGURA | ALTURA  | PESO    |
| --- | ------ | ------- | ------- | ------- |
| P   | 69-71  | 53-55   | 162-170 | 50-62   |
| M   | 71-73  | 55-57   | 170-176 | 62-78   |
| G   | 73-75  | 57-59   | 176-182 | 78-83   |
| GG  | 75-78  | 58-60   | 182-190 | 83-90   |
| 2XL | 78-81  | 60-62   | 190-195 | 90-97   |
| 3XL | 81-83  | 62-64   | 192-197 | 97-104  |
| 4XL | 83-85  | 64-65   | 197-200 | 104-110 |

TAMANHOS EXTRAS
XXL e XXXL: + R$ 15,00
XXXXL: + R$ 25,00

PERSONALIZE SUA CAMISA!
Deixe seu manto ainda mais especial!
Nome + Número personalizados por apenas R$ 25,00.

ENVIO
Postagem em até 3 dias úteis após a confirmação do pagamento.
Código de rastreamento enviado após a postagem.

DÚVIDAS OU PEDIDOS ESPECIAIS?
Para personalização ou tamanho diferenciado, chame na nossa loja no WhatsApp: 21 97073-4956
","in stock","new","145.00 BRL","https://wa.me/5521970734956?text=Ol%C3%A1!%20Gostaria%20de%20comprar%20a%20Vasco%20da%20Gama%20Torcedor%202023-2024%20Away%20Third%20por%20R%24%20145%2C00.","https://i.ibb.co/4nvxPJ01/frente.jpg","https://i.ibb.co/Y7mWPRRn/costas.jpg","Manto Mania"
"vasco_da_gama_torcedor_2024_2025","Vasco da Gama Torcedor 2024-2025","🔥 CAMISA RETRÔ VASCO DA GAMA 🔥
Vista a tradição do Gigante da Colina com um manto que fez história!

⚽ MODELO: Vasco da Gama Torcedor 2024-2025

💰 VALOR: R$ 145,00

✈️ FRETE INTERNACIONAL GRÁTIS PARA TODO BRASIL!!
- Se houver taxa alfandegária, será paga pelo cliente.

📏 TABELA DE MEDIDAS (Torcedor/Masculino)
| TAM | COMPR. | LARGURA | ALTURA  | PESO    |
| --- | ------ | ------- | ------- | ------- |
| P   | 69-71  | 53-55   | 162-170 | 50-62   |
| M   | 71-73  | 55-57   | 170-176 | 62-78   |
| G   | 73-75  | 57-59   | 176-182 | 78-83   |
| GG  | 75-78  | 58-60   | 182-190 | 83-90   |
| 2XL | 78-81  | 60-62   | 190-195 | 90-97   |
| 3XL | 81-83  | 62-64   | 192-197 | 97-104  |
| 4XL | 83-85  | 64-65   | 197-200 | 104-110 |

TAMANHOS EXTRAS
XXL e XXXL: + R$ 15,00
XXXXL: + R$ 25,00

PERSONALIZE SUA CAMISA!
Deixe seu manto ainda mais especial!
Nome + Número personalizados por apenas R$ 25,00.

ENVIO
Postagem em até 3 dias úteis após a confirmação do pagamento.
Código de rastreamento enviado após a postagem.

DÚVIDAS OU PEDIDOS ESPECIAIS?
Para personalização ou tamanho diferenciado, chame na nossa loja no WhatsApp: 21 97073-4956
","in stock","new","145.00 BRL","https://wa.me/5521970734956?text=Ol%C3%A1!%20Gostaria%20de%20comprar%20a%20Vasco%20da%20Gama%20Torcedor%202024-2025%20por%20R%24%20145%2C00.","https://i.ibb.co/yFhSWSbw/frente.jpg","https://i.ibb.co/5XQq7cS8/costas.jpg","Manto Mania"
"vasco_da_gama_torcedor_2024_2025_away","Vasco da Gama Torcedor 2024-2025 Away","🔥 CAMISA RETRÔ VASCO DA GAMA 🔥
Vista a tradição do Gigante da Colina com um manto que fez história!

⚽ MODELO: Vasco da Gama Torcedor 2024-2025 Away

💰 VALOR: R$ 145,00

✈️ FRETE INTERNACIONAL GRÁTIS PARA TODO BRASIL!!
- Se houver taxa alfandegária, será paga pelo cliente.

📏 TABELA DE MEDIDAS (Torcedor/Masculino)
| TAM | COMPR. | LARGURA | ALTURA  | PESO    |
| --- | ------ | ------- | ------- | ------- |
| P   | 69-71  | 53-55   | 162-170 | 50-62   |
| M   | 71-73  | 55-57   | 170-176 | 62-78   |
| G   | 73-75  | 57-59   | 176-182 | 78-83   |
| GG  | 75-78  | 58-60   | 182-190 | 83-90   |
| 2XL | 78-81  | 60-62   | 190-195 | 90-97   |
| 3XL | 81-83  | 62-64   | 192-197 | 97-104  |
| 4XL | 83-85  | 64-65   | 197-200 | 104-110 |

TAMANHOS EXTRAS
XXL e XXXL: + R$ 15,00
XXXXL: + R$ 25,00

PERSONALIZE SUA CAMISA!
Deixe seu manto ainda mais especial!
Nome + Número personalizados por apenas R$ 25,00.

ENVIO
Postagem em até 3 dias úteis após a confirmação do pagamento.
Código de rastreamento enviado após a postagem.

DÚVIDAS OU PEDIDOS ESPECIAIS?
Para personalização ou tamanho diferenciado, chame na nossa loja no WhatsApp: 21 97073-4956
","in stock","new","145.00 BRL","https://wa.me/5521970734956?text=Ol%C3%A1!%20Gostaria%20de%20comprar%20a%20Vasco%20da%20Gama%20Torcedor%202024-2025%20Away%20por%20R%24%20145%2C00.","https://i.ibb.co/yFhSWSbw/frente.jpg","https://i.ibb.co/5XQq7cS8/costas.jpg","Manto Mania"
"vasco_da_gama_torcedor_retro","Vasco da Gama Torcedor Retro","🔥 CAMISA RETRÔ VASCO DA GAMA 🔥
Vista a tradição do Gigante da Colina com um manto que fez história!

⚽ MODELO: Vasco da Gama Torcedor Retro

💰 VALOR: R$ 175,00

✈️ FRETE INTERNACIONAL GRÁTIS PARA TODO BRASIL!!
- Se houver taxa alfandegária, será paga pelo cliente.

📏 TABELA DE MEDIDAS (Torcedor/Masculino)
| TAM | COMPR. | LARGURA | ALTURA  | PESO    |
| --- | ------ | ------- | ------- | ------- |
| P   | 69-71  | 53-55   | 162-170 | 50-62   |
| M   | 71-73  | 55-57   | 170-176 | 62-78   |
| G   | 73-75  | 57-59   | 176-182 | 78-83   |
| GG  | 75-78  | 58-60   | 182-190 | 83-90   |
| 2XL | 78-81  | 60-62   | 190-195 | 90-97   |
| 3XL | 81-83  | 62-64   | 192-197 | 97-104  |
| 4XL | 83-85  | 64-65   | 197-200 | 104-110 |

TAMANHOS EXTRAS
XXL e XXXL: + R$ 15,00
XXXXL: + R$ 25,00

PERSONALIZE SUA CAMISA!
Deixe seu manto ainda mais especial!
Nome + Número personalizados por apenas R$ 25,00.

ENVIO
Postagem em até 3 dias úteis após a confirmação do pagamento.
Código de rastreamento enviado após a postagem.

DÚVIDAS OU PEDIDOS ESPECIAIS?
Para personalização ou tamanho diferenciado, chame na nossa loja no WhatsApp: 21 97073-4956
","in stock","new","175.00 BRL","https://wa.me/5521970734956?text=Ol%C3%A1!%20Gostaria%20de%20comprar%20a%20Vasco%20da%20Gama%20Torcedor%20Retro%20por%20R%24%20175%2C00.","https://i.ibb.co/4w0p20st/frente.jpg","https://i.ibb.co/RVmN6nb/costas.jpg","Manto Mania"
